city_id,health_care_index,crime_index,restaurant_price_index,climate_index,pollution_index,quality_of_life_index,cpi_index,property_price_to_income_ratio,purchasing_power_incl_rent_index,traffic_index
33474,63.889,14.706,86.216,79.242,41.034,78.45,35.496,2.498,50.492,194.671
34013,70.139,28.529,90.719,75.318,16.379,78.45,35.496,2.661,50.492,168.114
34096,73.611,33.088,59.157,69.769,29.425,78.45,35.496,3.364,50.492,200.617
34280,68.338,41.165,75.912,87.033,25.862,78.45,78.724,3.423,148.441,168.871
34296,55.556,20.588,65.233,69.839,5.172,78.45,35.496,1.935,50.492,65.134
34311,88.889,55.147,59.261,89.87,5.172,78.45,35.496,5.061,50.492,92.734
34457,44.444,46.471,61.366,87.646,31.897,165.911,60.653,5.261,83.735,97.906
34571,66.667,56.373,58.852,79.936,36.638,161.695,72.305,2.696,81.47,116.723
34585,75.0,14.412,55.35,60.934,18.966,78.45,35.496,3.304,50.492,175.312
34698,100.0,27.941,73.084,96.404,43.966,78.45,35.496,6.384,50.492,239.496
34731,77.778,9.939,49.038,75.175,1.724,78.45,57.468,0.906,239.44,124.494
34781,27.778,60.294,59.967,75.175,12.069,78.45,68.264,4.31,89.044,142.512
35589,76.389,36.029,66.485,75.175,29.9,78.45,55.657,1.172,128.028,167.33
3386,68.96,46.211,47.275,70.112,52.931,160.61,63.961,1.627,100.28,129.382
3387,66.555,70.005,63.862,67.062,25.126,166.222,64.767,3.143,102.948,116.45
3388,74.074,53.241,72.324,95.411,50.343,154.449,77.259,5.225,92.736,215.239
3389,61.167,63.249,73.603,41.61,16.563,162.595,91.2,2.99,106.53,131.346
3390,82.027,21.218,74.776,81.616,17.949,199.938,88.171,6.384,121.605,177.863
3391,67.341,62.301,63.236,89.729,44.848,162.934,75.971,3.641,123.665,204.533
3393,70.686,35.874,64.156,82.083,36.367,187.508,62.219,3.803,127.851,160.706
3395,55.833,58.234,63.687,77.627,79.436,137.64,76.957,3.66,106.812,101.906
3396,76.571,74.73,71.757,81.238,50.376,152.563,72.547,2.524,102.879,122.326
3397,68.269,66.609,68.186,86.436,43.089,150.055,65.469,4.257,85.601,164.98
3398,72.97,61.478,67.227,88.16,33.482,165.598,75.375,2.717,82.824,116.102
3399,82.28,36.792,65.472,65.108,29.158,182.379,62.448,5.705,96.107,107.78
3400,75.116,35.298,88.991,71.728,26.827,168.206,87.882,8.288,98.918,213.076
3402,76.845,44.993,63.137,66.432,25.017,180.737,72.777,2.01,93.509,109.302
3403,73.884,44.187,69.612,84.046,28.439,186.226,71.848,3.006,118.735,167.241
3405,66.413,64.874,74.918,66.11,43.494,147.006,79.796,3.983,107.088,191.199
3406,68.772,49.139,58.441,73.245,43.821,170.866,63.026,2.494,109.923,120.348
3407,82.941,64.666,67.111,73.106,36.638,155.727,75.257,1.879,78.037,153.494
3408,62.047,37.821,67.205,51.443,30.888,169.583,73.094,3.87,101.963,119.257
3409,74.191,43.432,67.312,71.289,25.317,191.29,72.33,2.416,122.186,120.211
3410,45.64,49.232,56.559,81.326,47.277,166.03,57.928,3.979,114.928,101.641
3411,65.613,49.714,61.886,81.852,41.917,181.971,63.615,2.292,143.761,167.363
3412,68.916,43.152,73.679,56.278,43.058,162.718,72.974,4.376,116.565,172.948
3413,80.205,40.536,58.89,61.884,28.973,186.462,67.037,2.868,107.923,105.952
3414,61.074,73.279,65.31,66.025,58.481,119.152,69.22,1.516,73.304,227.379
3415,73.742,58.123,64.77,84.069,30.375,78.45,35.496,2.789,50.492,110.378
3416,68.886,32.036,42.229,72.052,46.36,179.885,55.015,2.365,116.511,130.93
3417,77.778,44.44,57.744,65.31,38.812,166.015,65.321,4.052,90.782,129.94
3418,63.274,44.044,66.745,81.564,60.039,164.919,67.509,2.975,116.979,119.837
3419,84.63,38.422,82.575,97.849,27.562,193.26,80.875,9.259,120.248,150.958
3420,79.411,61.416,62.238,78.273,81.425,144.881,66.328,2.975,107.063,111.735
3421,51.389,38.892,61.504,85.296,31.034,159.444,74.171,2.504,101.283,329.781
3422,75.0,18.207,66.952,95.504,33.649,186.671,78.774,8.557,73.27,81.971
3423,86.779,39.369,59.204,62.324,25.403,78.45,35.496,2.767,50.492,124.982
3424,58.46,40.357,64.774,82.788,27.996,78.45,35.496,2.372,50.492,104.923
3425,44.444,62.794,83.486,77.777,27.586,78.45,35.496,3.157,50.492,268.905
3427,72.419,43.915,81.492,95.33,36.664,155.601,95.392,8.747,75.347,202.124
3428,71.67,63.894,65.613,85.534,56.076,162.097,64.842,2.218,134.415,205.006
3429,75.529,53.466,56.839,77.688,27.443,159.07,68.405,7.775,50.515,88.399
3430,74.603,37.259,89.667,96.817,32.728,78.45,35.496,5.779,50.492,86.741
3431,73.014,57.564,60.658,69.919,41.781,171.719,64.9,2.117,122.46,134.268
3432,80.556,31.723,54.994,81.367,38.793,78.45,35.496,2.549,50.492,71.647
3434,71.296,77.104,62.855,86.905,27.36,154.114,77.067,3.683,73.986,128.918
3435,69.477,57.433,64.373,87.81,38.582,169.498,68.608,2.951,110.745,171.302
3436,45.139,46.75,68.452,79.778,50.718,146.97,82.424,7.31,114.584,167.517
3437,79.398,58.707,66.632,75.081,32.027,178.822,68.045,2.277,112.411,126.139
3438,55.805,55.572,73.475,57.405,53.029,148.16,68.177,3.166,108.766,127.742
3439,75.424,31.258,64.786,56.711,21.149,194.64,66.772,3.404,103.717,73.834
3440,69.017,58.497,66.723,83.817,17.198,194.223,62.263,2.281,120.798,102.569
3441,79.282,56.182,66.488,96.092,43.582,164.46,72.627,8.086,104.903,178.032
3442,61.335,48.408,87.457,95.504,66.256,129.951,81.178,7.621,95.025,340.925
3443,61.325,52.796,74.177,78.613,42.524,170.947,66.344,2.541,112.931,110.017
3444,77.53,49.268,51.972,73.249,33.17,187.287,48.324,1.938,114.848,88.263
3445,78.894,33.3,64.054,51.636,18.98,191.75,67.976,3.603,111.202,109.905
3446,43.182,74.503,65.441,84.421,46.612,146.452,62.039,1.431,96.62,117.353
3447,65.807,43.513,66.501,61.763,42.672,78.45,35.496,6.286,50.492,173.275
3448,62.938,53.148,74.743,85.685,39.41,146.915,78.265,5.678,77.749,213.867
3449,65.728,68.549,65.357,60.961,29.545,147.808,79.778,3.289,76.756,131.016
3450,78.447,52.423,75.672,49.464,26.523,168.333,80.847,3.697,111.054,166.965
3451,53.968,66.571,63.122,87.535,33.764,158.196,70.984,1.816,91.754,138.238
3452,70.694,63.912,92.199,86.343,56.897,145.348,77.85,10.259,94.479,117.042
3453,37.963,63.102,51.995,87.776,41.477,78.45,35.496,3.82,50.492,108.232
3454,62.698,64.562,74.909,86.504,49.789,144.986,74.471,5.455,83.557,123.595
3455,61.637,46.925,100.0,79.661,57.577,137.904,100.0,9.893,100.0,163.909
3456,59.414,70.631,64.612,76.024,67.42,108.233,75.429,4.398,64.26,255.147
3457,66.667,56.869,60.99,87.117,21.552,78.45,35.496,3.688,50.492,117.205
3459,78.905,63.816,73.148,96.404,35.394,159.038,88.608,7.972,91.307,164.985
3460,77.033,49.464,51.601,77.614,20.894,190.96,62.849,2.646,110.172,113.606
3461,75.861,45.417,60.268,59.79,29.7,180.898,69.974,2.577,106.004,100.058
3462,62.496,51.929,68.949,87.232,35.577,162.65,68.635,3.387,92.364,179.489
3465,69.382,61.472,67.294,77.979,52.148,140.664,77.731,4.424,85.536,179.406
3466,66.579,52.096,64.257,53.759,56.507,151.517,66.15,3.372,116.52,147.549
3467,74.841,37.768,61.981,72.132,45.298,165.15,78.308,2.746,99.648,175.265
3468,75.463,26.157,55.657,86.255,31.773,78.45,35.496,2.316,50.492,177.826
3469,73.841,49.178,69.267,89.557,31.198,174.657,77.546,4.41,98.4,147.591
3470,75.601,34.452,69.064,83.876,22.613,198.765,70.402,3.18,123.056,149.212
3471,62.235,45.604,65.624,62.281,32.357,174.739,66.654,3.584,115.647,123.02
3472,73.863,45.017,71.217,81.27,31.627,183.852,67.652,3.811,105.916,105.577
3473,59.568,39.32,68.558,86.627,55.144,142.09,70.642,7.004,94.517,292.363
3474,70.614,61.634,68.796,63.886,44.426,158.969,70.643,1.648,98.964,111.675
3475,69.502,49.059,66.979,90.643,44.712,167.07,75.869,5.798,100.682,124.038
3476,81.384,70.34,59.22,74.755,37.999,172.345,67.481,1.886,118.976,126.797
3477,79.127,52.158,72.562,49.146,16.846,177.543,78.742,3.499,98.938,102.187
3478,72.273,43.029,61.314,87.846,18.939,190.034,71.119,4.876,100.136,118.472
3479,71.377,32.363,60.224,66.519,63.044,161.338,63.166,7.039,124.713,158.731
3480,72.056,48.193,68.448,80.58,44.964,168.812,63.896,2.569,103.271,135.646
3482,70.154,36.51,77.354,97.078,34.835,184.02,79.375,5.171,112.716,156.229
3483,65.166,56.294,91.098,97.258,47.54,155.724,93.856,7.903,125.043,256.582
3484,73.231,46.526,77.265,95.526,46.006,177.983,78.125,6.378,135.064,182.719
3485,54.444,47.193,67.649,96.786,50.0,153.346,78.671,5.378,98.701,194.173
3486,72.917,24.129,78.745,53.691,31.165,78.45,35.496,5.558,50.492,120.032
3487,73.491,49.109,85.467,91.732,28.632,180.631,88.013,5.101,122.473,189.293
3489,63.655,54.473,70.908,67.115,19.746,168.034,72.703,5.475,88.026,114.261
3490,62.731,77.721,79.529,85.843,67.205,128.616,76.696,4.713,92.211,147.482
3491,73.187,51.334,69.306,90.877,31.859,161.735,77.409,7.338,91.3,221.154
3492,68.638,49.23,68.406,84.666,29.942,173.192,78.577,3.353,103.049,173.187
3493,54.63,61.154,60.985,68.781,44.349,140.017,64.628,1.615,90.728,222.296
3494,59.046,50.522,62.015,72.66,26.153,168.292,66.428,3.149,93.906,130.929
3495,67.791,51.346,54.798,79.301,29.356,183.817,62.416,2.278,110.355,107.037
3496,69.775,42.22,74.518,87.194,21.827,78.45,35.496,5.71,50.492,112.397
3497,70.627,57.668,79.943,81.616,39.184,161.293,83.453,5.003,111.312,189.935
3498,62.698,50.743,57.797,70.473,23.47,179.843,60.364,2.315,104.106,103.829
3499,87.963,26.555,64.587,83.89,6.791,216.251,63.029,2.144,98.383,106.804
3500,89.815,30.106,79.693,75.493,27.586,78.45,35.496,9.005,50.492,93.267
7420,68.9,43.518,58.642,83.996,49.603,167.79,65.922,3.074,96.961,120.569
7450,70.926,35.52,85.998,55.47,7.931,194.705,94.972,2.775,114.162,121.236
7487,86.667,25.735,82.077,71.688,53.448,78.45,35.496,2.87,50.492,138.147
7493,55.952,59.726,55.729,87.179,41.311,156.861,64.764,3.793,86.983,114.19
7518,64.676,42.227,75.382,57.181,25.023,167.951,76.602,5.072,89.21,122.4
7536,83.796,67.17,40.746,74.52,28.994,78.45,35.496,0.87,50.492,109.367
7557,65.079,38.362,56.714,74.798,26.868,78.45,35.496,1.364,50.492,128.191
7567,78.749,33.861,89.395,91.207,30.999,78.45,35.496,5.139,50.492,167.309
7572,69.924,23.574,76.541,85.235,24.536,78.45,35.496,13.209,50.492,113.514
7574,66.204,59.052,58.804,68.097,21.006,78.45,35.496,2.27,50.492,88.989
7580,73.611,41.667,65.994,79.98,9.195,78.45,35.496,2.635,50.492,134.058
7585,74.048,54.596,61.276,60.885,49.425,78.45,35.496,2.803,50.492,80.44
7589,66.481,62.408,80.607,68.617,46.798,135.126,82.128,2.35,65.732,169.744
7590,75.0,30.221,69.255,65.506,14.655,78.45,35.496,3.122,50.492,88.47
7593,71.944,41.559,52.611,49.417,15.632,183.5,67.957,1.901,103.703,127.864
7605,57.986,38.983,57.221,69.333,24.41,78.45,35.496,2.38,50.492,133.511
7608,72.091,51.605,57.379,86.804,43.131,170.518,61.804,2.365,95.941,123.405
7633,81.944,25.591,60.149,56.764,30.172,183.086,71.155,3.277,84.224,62.733
7638,86.111,21.618,69.657,66.535,6.322,78.45,35.496,2.627,50.492,84.888
7642,53.241,49.79,60.256,65.074,42.878,78.45,35.496,1.889,50.492,65.387
7644,68.917,38.604,71.87,80.631,24.05,180.531,76.74,4.834,94.511,135.559
7655,54.861,50.67,67.561,95.623,21.11,78.45,35.496,32.862,50.492,128.245
7683,56.111,55.963,47.609,67.106,41.092,162.551,66.874,1.946,95.619,80.022
7696,91.071,42.986,77.784,72.193,38.013,78.45,35.496,1.534,50.492,129.787
7700,68.666,50.196,77.931,60.223,23.534,178.602,71.709,1.875,107.406,120.116
7711,71.296,63.655,58.897,71.058,22.316,78.45,35.496,3.66,50.492,90.9
7720,58.056,60.946,63.957,59.975,42.835,145.683,74.884,1.552,72.39,89.895
7721,59.645,38.356,68.826,79.467,18.724,188.865,69.312,3.044,88.095,70.716
7722,50.0,12.794,74.931,88.216,20.115,78.45,35.496,10.217,50.492,73.539
7724,73.843,37.428,67.618,87.685,12.089,203.897,75.641,2.249,109.296,119.699
7738,71.368,46.775,59.128,85.178,49.727,78.45,35.496,3.239,50.492,116.397
7754,65.216,57.193,55.329,75.547,26.161,166.939,60.118,2.745,96.163,157.576
7759,67.874,42.148,64.214,87.916,16.188,191.907,70.621,2.725,95.47,106.86
7762,63.889,37.5,58.44,57.122,27.586,78.45,35.496,2.518,50.492,111.271
7771,37.5,44.265,80.96,66.94,20.92,146.711,78.45,14.928,66.873,89.407
7793,94.444,34.512,64.812,87.63,29.733,197.997,69.396,4.208,112.899,141.477
7801,75.0,68.824,69.842,83.724,41.724,78.45,35.496,0.961,50.492,296.298
7813,11.111,16.37,77.925,95.23,7.854,78.45,35.496,5.359,50.492,105.726
7819,39.815,48.203,61.318,80.498,48.276,78.45,35.496,2.83,50.492,103.018
7822,73.611,40.754,56.829,86.641,13.554,203.621,64.363,2.138,112.274,117.632
7827,77.778,65.756,59.511,77.075,42.31,78.45,35.496,2.938,50.492,136.398
7859,77.778,21.847,62.039,56.796,25.852,193.756,73.438,3.011,112.21,115.889
7892,70.833,43.671,62.498,88.835,18.966,78.45,35.496,7.609,50.492,105.071
7904,91.204,38.725,67.013,87.792,18.582,78.45,35.496,3.792,50.492,116.91
7907,68.756,18.333,88.739,95.579,32.981,192.82,102.191,11.708,105.098,62.808
7928,75.0,72.861,60.532,88.426,29.052,182.632,57.1,1.546,108.921,84.919
7936,81.349,43.924,79.092,63.264,37.258,78.45,35.496,2.521,50.492,97.88
7940,77.431,25.163,61.911,87.041,16.661,217.431,69.433,1.958,141.964,160.617
7944,64.722,72.781,73.758,72.515,68.678,78.45,35.496,2.287,50.492,89.654
7945,82.716,32.699,62.683,75.83,20.69,78.45,35.496,3.134,50.492,144.942
7951,43.519,31.413,63.322,62.767,43.391,78.45,35.496,2.984,50.492,96.059
7971,75.0,25.033,73.628,73.838,17.991,179.334,92.82,5.151,81.66,148.873
7973,75.132,51.2,65.9,73.374,25.516,176.19,72.242,2.379,92.544,123.917
7982,50.0,71.709,56.985,86.181,60.259,78.45,35.496,2.679,50.492,135.366
7994,58.796,35.032,57.736,45.878,10.345,197.908,59.899,1.715,118.45,70.192
7998,73.534,28.441,67.574,83.438,16.01,207.233,71.513,3.11,111.795,98.999
8010,100.0,54.657,54.422,76.938,13.793,78.45,35.496,16.263,50.492,71.616
8011,59.722,46.875,58.323,84.401,56.178,78.45,35.496,8.84,50.492,117.262
8014,68.889,49.346,53.699,77.322,20.287,193.333,59.586,2.269,120.278,114.151
8019,69.444,61.765,63.63,84.855,33.247,172.19,75.175,4.042,103.085,109.595
8022,68.981,58.681,63.226,85.688,21.062,78.45,35.496,3.048,50.492,111.46
8025,67.918,51.254,75.172,84.253,30.999,170.099,80.613,4.578,96.552,141.146
8029,63.947,47.776,73.26,83.018,35.714,170.233,71.468,3.06,110.813,186.102
8064,67.176,53.907,76.551,88.039,40.953,78.45,35.496,7.124,50.492,141.179
8105,86.111,50.49,53.962,58.473,27.327,78.45,35.496,2.121,50.492,98.227
8108,64.815,14.265,50.629,84.85,9.655,189.818,55.411,6.369,90.218,264.471
8115,50.0,64.706,66.484,78.416,27.586,78.45,35.496,2.778,50.492,114.037
8134,48.611,50.0,50.841,82.222,13.793,78.45,35.496,2.234,50.492,120.508
8144,66.667,65.572,66.784,68.124,68.021,78.45,35.496,3.595,50.492,244.639
8153,80.556,30.0,84.152,73.705,15.374,205.687,87.412,5.066,111.548,82.958
8181,57.077,25.343,61.189,90.708,24.828,78.45,35.496,1.916,50.492,197.744
8198,70.833,32.143,60.922,70.829,35.115,165.28,85.033,4.061,59.708,96.223
8201,84.259,40.707,51.371,78.582,34.339,78.45,35.496,2.615,50.492,106.732
8216,68.056,39.216,59.506,79.078,21.552,78.45,35.496,5.235,50.492,189.923
8271,58.333,29.963,68.562,67.87,1.379,78.45,35.496,3.121,50.492,77.374
8294,69.444,64.461,69.031,83.078,10.345,78.45,35.496,5.538,50.492,112.839
8301,75.0,42.829,69.928,46.479,12.759,78.45,35.496,5.685,50.492,133.907
8331,66.617,42.843,61.486,45.546,13.065,78.45,35.496,1.943,50.492,99.215
8343,58.333,74.946,63.647,57.596,25.862,78.45,35.496,2.895,50.492,91.953
8358,68.338,52.778,64.464,58.021,7.759,78.45,85.447,2.508,93.725,98.685
8366,78.648,20.107,78.081,96.817,35.662,206.494,78.341,4.6,125.41,110.016
8396,68.333,31.548,74.449,82.479,30.077,186.896,61.604,3.394,85.984,75.718
8400,73.148,40.074,62.538,57.258,33.793,78.45,35.496,4.742,50.492,234.364
8405,88.194,43.583,59.668,77.442,33.046,78.45,35.496,2.708,50.492,124.331
8406,64.444,49.559,68.062,69.769,40.042,153.563,77.534,4.096,82.964,143.161
8414,46.481,36.082,59.611,68.382,29.957,78.45,35.496,1.49,50.492,98.579
8430,73.611,44.71,53.402,75.175,13.448,78.45,48.905,1.583,76.474,66.959
8438,75.617,54.343,58.317,86.111,33.458,174.792,64.268,2.536,90.882,121.386
8448,51.821,32.498,62.483,86.397,13.608,178.3,75.389,11.75,82.114,86.85
8449,66.667,45.556,55.012,53.274,37.637,78.45,35.496,3.07,50.492,122.758
8539,75.296,38.046,73.211,89.938,34.523,178.043,79.366,4.923,96.307,146.194
8543,78.673,26.39,60.437,53.499,21.089,78.45,35.496,7.651,50.492,111.042
8579,58.333,50.49,65.146,87.957,47.397,78.45,35.496,1.025,50.492,79.388
8601,76.852,33.567,68.884,95.486,24.483,188.002,75.364,6.706,103.827,184.447
8633,83.333,55.882,59.288,80.48,25.287,78.45,35.496,10.22,50.492,97.034
8651,80.556,51.471,64.692,80.868,8.621,78.45,35.496,1.61,50.492,105.07
8684,83.434,21.4,70.243,77.114,20.8,78.45,35.496,4.096,50.492,213.059
8722,56.019,33.839,71.001,58.221,26.215,170.2,79.181,4.43,89.388,109.896
8751,88.889,44.251,64.186,49.003,46.743,169.465,63.196,2.818,109.378,132.218
8754,72.222,22.794,56.681,25.329,27.586,78.45,35.496,2.117,50.492,82.226
8766,86.31,41.448,73.136,95.436,23.606,78.45,35.496,7.771,50.492,139.208
8779,61.806,45.2,59.397,32.606,2.586,179.042,65.06,5.595,111.981,142.24
8781,57.87,30.392,56.444,40.862,11.207,78.45,35.496,1.455,50.492,83.015
8807,59.722,46.35,85.781,95.949,43.391,78.45,35.496,8.636,50.492,250.167
8849,83.333,52.941,67.831,73.175,10.345,78.45,35.496,3.66,50.492,208.502
8893,72.222,11.213,48.55,55.567,11.638,78.45,35.496,1.204,50.492,116.959
8904,60.417,29.786,58.237,86.692,29.901,78.45,35.496,3.838,50.492,91.463
8910,75.556,54.82,54.219,89.991,47.594,154.599,65.372,3.813,69.096,131.124
8914,64.491,60.779,76.786,81.123,25.979,178.761,90.714,3.558,134.502,156.44
8916,68.519,46.943,71.463,62.698,20.546,177.473,76.15,1.998,87.525,100.525
8917,55.556,78.32,69.489,69.813,82.759,78.45,35.496,11.055,50.492,120.549
8960,66.204,48.963,72.796,86.448,27.135,78.45,35.496,2.247,50.492,133.548
9002,75.0,27.941,69.54,87.731,24.138,146.615,72.124,7.371,48.793,446.093
9005,20.833,59.314,64.429,84.712,25.166,78.45,35.496,2.772,50.492,265.854
9016,87.222,28.519,65.07,83.698,27.504,78.45,35.496,4.398,50.492,142.195
9020,83.333,30.294,52.389,52.691,1.724,78.45,35.496,2.537,50.492,82.415
9026,37.037,22.353,58.166,50.518,44.253,78.45,35.496,5.893,50.492,51.791
9031,81.481,23.162,62.801,69.839,7.241,78.45,35.496,2.487,50.492,97.323
9032,91.111,18.137,82.719,96.706,14.224,78.45,35.496,7.607,50.492,412.657
9044,78.009,59.485,72.884,90.949,27.011,179.338,65.128,3.097,101.695,145.903
9080,38.889,60.049,44.631,77.179,28.69,78.45,35.496,3.799,50.492,103.286
9081,71.296,25.49,45.742,89.025,18.103,78.45,35.496,0.965,50.492,112.251
9094,68.056,43.592,76.259,67.822,14.713,159.549,88.044,21.182,84.526,120.664
9096,61.111,48.439,55.133,67.076,69.425,78.45,72.427,4.31,89.822,106.969
9103,75.0,18.824,67.057,31.104,24.186,78.45,35.496,13.021,50.492,50.135
9113,63.889,55.042,60.673,75.15,33.621,78.45,35.496,5.599,50.492,105.186
9124,63.889,12.941,54.872,54.014,41.667,78.45,35.496,4.087,50.492,86.806
9125,67.361,75.427,69.939,68.182,50.115,78.45,35.496,1.391,50.492,222.799
9131,75.926,52.811,53.438,85.144,31.322,78.45,35.496,2.903,50.492,176.646
9151,80.833,31.801,69.469,78.678,17.241,78.45,35.496,4.602,50.492,85.657
9181,79.762,31.74,70.605,79.844,22.414,219.922,85.808,2.988,148.21,73.553
9184,69.444,6.618,63.649,21.82,27.586,78.45,35.496,5.683,50.492,56.549
9194,71.296,67.87,53.252,64.963,42.816,78.45,35.496,1.044,50.492,97.906
9217,62.5,38.725,71.401,79.631,19.828,78.45,35.496,2.06,50.492,97.14
9221,81.25,48.957,67.204,89.282,29.957,198.909,62.856,1.468,136.192,147.353
9224,74.877,43.341,54.495,87.315,29.184,181.65,66.587,4.834,91.591,104.65
9234,44.444,54.902,54.562,93.751,68.966,78.45,35.496,4.62,50.492,141.202
9246,72.778,74.871,54.38,85.516,48.383,78.45,35.496,3.472,50.492,132.535
9266,72.932,45.798,57.987,91.053,26.897,181.51,79.104,1.377,74.009,89.598
9269,74.722,22.736,33.213,69.344,50.452,78.45,53.079,4.31,142.631,105.298
9276,63.426,30.628,59.41,49.362,34.625,78.45,35.496,3.287,50.492,127.026
9281,72.917,15.896,76.998,91.699,18.227,203.659,84.106,4.956,107.407,123.729
9294,35.185,21.569,64.774,78.681,55.977,78.45,35.496,1.644,50.492,89.239
9306,75.694,23.019,57.859,79.841,7.471,78.45,35.496,1.197,50.492,114.849
9331,80.159,31.225,58.8,71.857,14.039,201.825,68.775,2.89,95.747,88.816
9354,52.778,27.206,72.652,87.404,11.207,78.45,35.496,3.146,50.492,78.543
9363,66.574,38.428,61.238,88.172,29.023,78.45,35.496,6.127,50.492,105.069
9373,52.778,63.603,64.635,92.706,27.586,78.45,35.496,4.773,50.492,274.899
9375,94.444,41.036,67.843,87.604,39.08,78.45,35.496,2.914,50.492,331.715
9378,58.611,23.267,70.816,60.446,3.448,185.919,81.878,7.713,82.742,111.166
9380,67.361,20.752,62.614,74.007,8.621,212.761,72.455,2.316,119.58,112.679
9384,75.0,53.94,44.024,77.587,24.253,78.45,35.496,1.692,50.492,95.227
9401,55.556,27.451,98.07,74.507,15.517,78.45,35.496,4.058,50.492,105.069
9406,68.441,39.808,71.052,95.478,23.563,78.45,35.496,4.086,50.492,104.535
9410,57.576,32.62,57.577,76.38,12.213,78.45,35.496,3.475,50.492,89.654
9455,61.111,15.809,63.462,78.859,63.793,78.45,35.496,1.179,50.492,126.421
9456,65.608,34.853,63.573,53.447,14.403,78.45,35.496,8.052,50.492,85.99
9462,36.111,13.235,64.882,52.13,30.172,78.45,35.496,3.041,50.492,130.961
9498,66.667,43.405,60.863,55.684,35.862,166.694,67.234,5.143,93.19,94.708
9504,58.333,43.316,74.062,57.798,21.207,78.45,35.496,1.932,50.492,85.511
9519,54.911,48.69,81.034,61.542,25.575,78.45,35.496,7.927,50.492,125.966
9550,63.889,32.528,71.123,85.578,19.212,193.973,77.605,5.082,118.264,141.44
9568,77.778,40.441,79.096,86.908,9.195,78.45,35.496,1.957,50.492,82.46
9579,72.685,23.824,70.188,65.122,29.885,78.45,35.496,8.864,50.492,111.586
9586,63.657,20.196,78.373,84.615,27.586,78.45,35.496,7.44,50.492,56.549
9600,83.333,11.644,88.684,66.118,24.138,78.45,35.496,5.222,50.492,189.662
9606,94.444,13.75,74.875,57.71,14.943,78.45,35.496,1.863,50.492,165.154
9610,83.333,21.176,77.849,93.22,18.103,220.711,81.122,8.516,141.83,105.802
9616,97.222,26.9,72.249,91.805,5.747,78.45,35.496,3.997,50.492,150.123
9731,71.065,29.208,78.438,95.851,19.425,78.45,35.496,4.742,50.492,101.485
9764,76.759,47.059,75.508,66.046,18.793,78.45,35.496,0.765,50.492,92.201
9775,41.667,20.588,54.372,87.815,41.379,78.45,35.496,3.368,50.492,90.588
9782,81.821,51.471,68.18,88.404,23.147,78.45,35.496,2.836,50.492,91.414
9798,78.968,62.515,78.311,96.404,28.707,78.45,35.496,8.612,50.492,143.451
9801,84.645,23.481,62.226,85.426,25.287,204.515,71.941,3.029,124.385,182.972
9806,100.0,7.843,38.728,78.722,29.9,224.528,65.306,4.081,57.052,133.253
9819,75.0,14.706,57.903,87.047,17.241,78.45,35.496,4.534,50.492,111.842
9836,75.0,81.434,49.023,68.882,27.586,78.45,35.496,1.961,50.492,88.356
9855,83.333,26.287,42.525,74.498,40.948,78.45,35.496,7.307,50.492,87.029
9860,100.0,15.196,61.851,61.734,38.434,78.45,35.496,5.322,50.492,48.314
9872,63.426,27.941,78.589,60.419,15.702,78.45,35.496,1.718,50.492,76.168
9922,52.083,50.357,61.392,89.275,49.138,78.45,35.496,8.119,50.492,123.984
9925,63.241,38.728,87.605,79.661,50.763,135.212,93.355,11.988,75.428,168.978
9966,81.667,69.538,82.642,89.497,22.989,164.0,76.216,4.376,95.857,258.406
9978,80.556,24.196,78.186,91.732,12.155,228.533,85.845,4.074,157.233,129.575
10015,65.278,44.15,60.172,59.548,20.345,78.45,35.496,2.216,50.492,95.789
10027,27.778,42.776,85.505,80.339,50.287,131.46,86.959,14.995,110.932,189.341
10048,69.643,25.379,71.569,89.219,15.517,186.321,80.166,5.769,71.083,127.485
10187,60.833,69.419,70.662,76.765,53.161,142.759,64.68,2.225,105.452,197.022
10203,87.5,9.559,58.5,24.185,37.644,78.45,63.582,4.31,82.47,69.519
10242,36.574,26.129,71.578,42.11,12.931,169.523,77.188,5.375,87.84,78.942
10253,41.667,35.784,68.835,85.162,20.69,78.45,35.496,17.5,50.492,311.446
10274,67.235,42.856,59.997,88.437,17.303,185.029,78.752,4.606,83.328,97.223
10338,100.0,29.412,66.566,54.133,46.552,78.45,35.496,1.941,50.492,54.305
10358,36.111,21.429,60.367,47.393,9.483,78.45,66.392,1.89,173.807,133.253
10369,61.111,20.518,57.039,86.573,21.839,78.45,35.496,1.533,50.492,210.064
10377,68.056,43.268,73.943,71.661,11.322,193.394,83.821,7.556,125.178,81.97
10414,91.667,40.686,74.89,74.66,43.103,78.45,35.496,4.688,50.492,79.388
10453,86.111,49.02,71.794,73.839,37.739,78.45,35.496,2.245,50.492,105.069
10481,88.889,16.176,66.322,75.237,28.621,194.479,97.122,5.764,108.724,163.505
10578,62.963,31.25,57.196,86.169,37.644,78.45,35.496,2.181,50.492,129.318
10605,55.556,63.725,62.663,61.755,47.845,78.45,35.496,0.552,50.492,98.738
10614,72.222,20.163,56.025,81.5,14.224,78.45,35.496,6.299,50.492,105.631
10622,80.401,18.374,74.147,62.355,21.977,78.45,35.496,9.5,50.492,42.655
10647,81.829,31.68,70.951,49.272,66.379,78.45,35.496,4.927,50.492,94.796
10657,59.722,61.408,68.546,87.513,24.631,157.687,61.797,5.767,79.871,143.343
10667,38.889,26.144,93.969,80.513,3.448,78.45,35.496,12.023,50.492,89.68
10672,74.722,29.238,73.204,96.153,33.142,78.45,35.496,9.107,50.492,123.68
10718,72.639,57.843,57.957,84.547,26.092,78.45,35.496,2.816,50.492,118.635
10764,73.148,20.037,67.191,35.202,5.536,78.45,35.496,4.742,50.492,89.744
10808,59.444,35.047,65.316,84.132,44.828,78.45,35.496,3.73,50.492,175.339
10809,47.222,58.559,58.011,65.484,74.138,78.45,84.471,4.31,97.172,240.869
10835,36.574,56.18,63.497,63.238,25.0,78.45,35.496,1.854,50.492,198.003
10847,66.667,24.16,58.858,80.15,16.609,78.45,35.496,2.085,50.492,105.208
10856,90.278,29.832,92.973,61.046,14.655,78.45,35.496,14.764,50.492,108.402
10872,86.111,17.647,54.589,84.074,12.069,78.45,35.496,2.275,50.492,90.862
10877,92.593,25.824,80.841,97.252,36.695,202.359,92.588,15.767,135.765,99.128
10898,66.667,79.623,72.053,60.083,65.635,78.45,35.496,0.859,50.492,77.409
10918,75.0,54.412,63.44,55.768,47.356,78.45,35.496,4.118,50.492,101.6
10951,77.778,20.588,71.564,56.865,12.069,78.45,35.496,2.705,50.492,97.134
11114,72.222,58.088,48.872,86.285,17.241,78.45,35.496,0.596,50.492,104.9
11117,83.889,58.007,66.059,66.521,19.253,78.45,35.496,1.688,50.492,129.488
11127,79.63,38.352,87.589,-3.843,24.585,78.45,35.496,2.354,50.492,82.183
11162,40.37,63.971,65.481,95.62,3.448,78.45,35.496,2.556,50.492,88.465
11186,86.756,46.639,61.219,92.196,19.762,78.45,35.496,2.491,50.492,72.362
11189,67.399,33.79,77.97,85.009,14.08,200.518,84.524,4.294,131.253,176.911
11211,73.611,34.804,50.2,52.747,23.333,78.45,35.496,5.073,50.492,102.991
11225,80.556,46.446,72.145,78.58,25.862,78.45,35.496,1.505,50.492,629.062
11257,84.722,34.926,86.118,95.609,25.862,178.51,81.436,19.017,92.543,114.463
11266,70.833,41.257,71.781,54.042,19.003,163.789,74.486,4.395,59.581,114.135
11268,100.0,15.441,86.83,79.661,48.276,78.45,35.496,8.74,50.492,214.643
11273,83.333,21.176,66.213,59.922,35.259,78.45,35.496,3.321,50.492,106.024
11278,72.222,24.142,58.756,78.452,53.448,78.45,35.496,1.105,50.492,158.419
11295,48.611,36.134,60.056,72.608,103.448,78.45,35.496,1.848,50.492,96.987
11312,70.972,56.875,51.458,87.22,15.517,78.45,35.496,3.159,50.492,112.509
11350,47.222,49.02,89.204,65.323,36.092,78.45,35.496,2.121,50.492,92.337
11389,84.722,67.313,55.263,87.017,47.069,78.45,35.496,5.908,50.492,146.175
11400,84.722,22.059,49.592,81.5,31.034,78.45,35.496,1.942,50.492,103.859
11437,82.407,57.353,61.198,66.113,12.069,202.19,59.691,2.115,126.656,97.58
11519,42.593,15.241,73.213,85.262,31.418,78.45,35.496,1.879,50.492,218.396
11521,50.0,45.0,67.836,80.895,53.325,78.45,35.496,1.888,50.492,113.42
11549,78.704,9.641,67.014,87.003,31.034,78.45,35.496,2.698,50.492,287.892
11588,95.833,14.216,61.891,53.365,28.908,78.45,35.496,3.362,50.492,166.551
11614,75.0,23.459,62.352,88.603,60.345,78.45,62.291,1.469,193.004,133.253
11719,62.222,20.165,66.536,58.612,38.23,185.27,69.145,3.82,124.813,123.575
11755,80.556,44.853,59.486,41.634,7.759,78.45,35.496,3.71,50.492,72.458
11786,56.25,33.235,57.746,79.705,7.586,78.45,35.496,2.601,50.492,309.457
11816,84.028,36.176,78.217,62.755,14.368,78.45,35.496,2.077,50.492,367.662
11833,82.87,37.843,69.662,66.111,18.5,170.036,72.163,5.313,88.254,286.337
11843,82.778,48.971,76.213,86.463,9.483,78.45,35.496,4.214,50.492,197.624
11883,88.889,58.64,72.45,90.031,6.897,193.272,90.951,3.2,91.358,115.258
11933,73.611,15.588,87.221,93.276,10.345,78.45,35.496,14.69,50.492,96.983
11940,55.556,25.49,67.955,80.804,3.448,78.45,35.496,2.654,50.492,259.81
11972,68.056,47.549,67.218,88.99,23.707,78.45,35.496,2.447,50.492,99.156
11975,81.944,46.078,85.2,74.106,41.092,78.45,35.496,7.714,50.492,119.636
11992,74.167,21.723,88.565,96.247,26.379,78.45,35.496,10.13,50.492,174.96
12028,66.435,27.136,57.162,90.216,25.575,78.45,35.496,2.183,50.492,92.146
12225,55.556,40.279,76.208,97.578,13.793,78.45,35.496,6.514,50.492,120.772
12231,76.389,11.064,63.071,87.071,24.052,78.45,35.496,5.475,50.492,158.677
12291,90.278,24.002,78.403,67.708,30.575,183.85,74.49,7.011,108.785,217.743
12369,45.833,27.353,75.339,71.875,10.345,78.45,35.496,5.474,50.492,196.829
12382,69.074,43.175,58.464,68.251,35.057,78.45,35.496,3.468,50.492,39.169
12418,80.556,31.005,71.65,87.11,25.862,186.752,74.638,7.662,102.156,156.726
12419,73.611,11.765,79.521,92.193,27.586,78.45,95.026,6.997,82.15,133.253
12428,86.111,8.824,91.26,95.44,36.437,78.45,35.496,5.668,50.492,196.982
12441,50.0,44.853,60.186,79.426,27.586,78.45,35.496,4.093,50.492,260.774
12442,62.5,64.916,59.447,65.836,9.195,78.45,35.496,1.644,50.492,46.691
12455,77.778,34.926,60.067,96.516,3.448,78.45,35.496,9.364,50.492,101.462
12456,59.259,20.728,96.285,92.467,10.92,78.45,35.496,9.01,50.492,69.519
12469,5.556,54.412,56.741,49.363,37.069,133.049,78.744,3.667,100.83,99.465
12505,77.778,28.235,74.497,71.661,10.345,78.45,35.496,7.334,50.492,73.143
12508,48.611,41.203,51.816,72.551,21.034,78.45,35.496,3.524,50.492,107.509
12514,38.889,36.029,60.151,88.942,36.207,78.45,35.496,3.33,50.492,88.338
12521,58.333,25.98,84.133,91.798,36.351,78.45,35.496,3.162,50.492,360.887
12522,66.667,7.353,65.119,72.509,27.586,78.45,35.496,2.933,50.492,64.524
12528,89.815,18.239,56.775,81.876,0.575,229.281,64.748,1.685,140.563,229.5
12550,81.944,12.721,60.788,88.924,12.931,221.724,75.029,2.295,110.209,105.069
12551,41.667,17.647,83.581,67.542,11.034,78.45,35.496,3.028,50.492,88.824
12560,76.389,36.176,78.524,74.11,17.241,207.937,76.967,1.893,119.001,75.509
12599,71.296,39.876,56.82,81.701,39.08,78.45,35.496,4.224,50.492,74.014
12633,75.926,5.882,61.683,71.652,3.448,229.836,57.145,2.355,134.726,140.63
12679,77.778,40.882,46.751,84.565,26.724,78.45,35.496,0.946,50.492,88.396
12910,68.338,52.328,46.423,82.779,46.092,78.45,50.665,0.645,146.861,77.577
12911,65.972,37.369,56.993,87.053,40.0,188.918,64.267,3.348,133.157,138.542
12919,47.13,59.606,66.875,43.486,26.552,78.45,35.496,3.595,50.492,118.142
12929,77.778,15.686,74.69,96.329,25.517,78.45,35.496,8.315,50.492,128.065
13181,54.167,20.238,53.564,79.377,11.207,78.45,35.496,1.928,50.492,101.01
13811,76.667,38.93,75.008,93.22,28.017,78.45,35.496,4.355,50.492,89.805
13813,77.778,15.625,77.77,93.031,14.943,78.45,35.496,6.355,50.492,77.376
13860,91.667,27.206,58.446,59.272,27.586,192.37,80.403,2.813,96.983,105.144
13879,36.111,54.118,74.28,87.124,61.938,138.054,75.356,7.503,89.477,89.533
13938,61.111,19.118,66.82,87.874,32.759,78.45,35.496,1.292,50.492,82.173
14024,68.338,55.0,58.256,73.36,46.552,78.45,68.521,2.766,81.587,133.253
14100,41.667,28.676,89.841,97.578,10.345,78.45,35.496,6.503,50.492,164.762
