country,city,cities,state,latitude,longitude,city_id,Zip_Code,ALand,AWater,Mean,Median,Stdev,sum_w
United States,"Aberdeen, SD",Aberdeen, SD,45.4646985,-98.4864829,9737,57401,64789843,303992,51853,46703,41312,408.3866157
United States,"Akron, OH",Akron, OH,41.0814447,-81.5190053,3386,44312,3741316,537643,53652,42119,39327,810.9768863
United States,"Alameda, CA",Alameda, CA,37.7652065,-122.2416355,34698,94501,582861,0,57071,43007,50318,1165.270709
United States,"Albany, NY",Albany, NY,42.6525793,-73.7562317,7700,12208,582401,0,46221,27906,47071,1511.026247
United States,"Albany, OR",Albany, OR,44.6365107,-123.1059282,9002,97322,149079351,2695896,71180,68143,47895,394.8085761
United States,"Albuquerque, NM",Albuquerque, NM,35.0844909,-106.6511367,3387,87121,32361309,0,16025,300000,7037,71
United States,"Alexandria, MN",Alexandria, MN,45.8852397,-95.3775379,11671,56308,44330224,1857479,51081,40667,43265,3750.234706
United States,"Alexandria, VA",Alexandria, VA,38.8048355,-77.0469214,8914,22315,3320496,166320,146228,141414,71620,346.7910078
United States,"Allen, TX",Allen, TX,33.1031744,-96.6705503,11400,75002,22758289,110959,159185,169040,76007,260.7412673
United States,"Allentown, PA",Allentown, PA,40.6084305,-75.4901833,7944,18102,306093,0,32304,19675,33323,893.1482951
United States,"Alpharetta, GA",Alpharetta, GA,34.0709576,-84.2747329,11549,30004,30547279,528025,143235,134230,78667,816.1821395
United States,"Amarillo, TX",Amarillo, TX,35.201967,-101.8138029,9269,79106,989332,1112,72654,52706,62546,262.1521191
United States,"Ames, IA",Ames, IA,42.02335,-93.625622,9124,50010,1814285,0,92699,94744,47586,205.4509434
United States,"Amherst, MA",Amherst, MA,42.3732216,-72.5198537,13860,1002,18255906,87943,77857,45874,75630,236.1146931
United States,"Anaheim, CA",Anaheim, CA,33.8352932,-117.9145036,3388,92807,2355969,272253,105938,300000,67176,126.1570034
United States,"Anchorage, AK",Anchorage, AK,61.2180556,-149.9002778,3389,99501,395024280,6304383,77110,84804,54957,37.79753595
United States,"Ann Arbor, MI",Ann Arbor, MI,42.2708716,-83.7263294,7859,48104,1048998,45327,77541,58461,66223,644.6289568
United States,"Annapolis, MD",Annapolis, MD,38.9784453,-76.4921829,9016,21403,7347539,2848979,98432,65174,77874,185.6133519
United States,"Appleton, WI",Appleton, WI,44.2619309,-88.4153847,7593,54915,79385783,290061,103427,95051,51121,696.3300243
United States,"Arlington, TX",Arlington, TX,32.735687,-97.1080656,9131,76002,6118658,107906,97787,88599,55084,311.0050392
United States,"Arlington, VA",Arlington, VA,38.8799697,-77.1067698,3390,22202,1160239,0,122415,113550,64355,883.5751916
United States,"Ashburn, VA",Ashburn, VA,39.0437567,-77.4874416,33474,20147,44489963,677836,129557,119556,72516,4846.853522
United States,"Asheville, NC",Asheville, NC,35.6009452,-82.554015,7644,28801,1685689,0,43098,32415,34617,436.9221732
United States,"Astoria, NY",Astoria, NY,40.7720145,-73.9302673,11680,11102,195052,0,97214,81067,80608,139.0197602
United States,"Athens, GA",Athens, GA,33.955802,-83.3823656,8108,30605,1505992,76008,20630,15472,17655,592.968331
United States,"Atlanta, GA",Atlanta, GA,33.7490987,-84.3901849,3391,30319,29997184,312796,94627,70197,77357,10451.71713
United States,"Augusta, GA",Augusta, GA,33.4734978,-82.0105148,9221,30904,1977698,0,49158,33239,48032,672.0313352
United States,"Aurora, CO",Aurora, CO,39.729432,-104.8319196,10918,80010,641546,0,36004,23387,33894,434.8518616
United States,"Aurora, IL",Aurora, IL,41.7605849,-88.3200715,8400,60504,1970137,49238,77668,69559,48740,544.832063
United States,"Austin, TX",Austin, TX,30.267153,-97.7430608,3393,78738,17640926,8,122203,118410,82938,699.6598034
United States,"Bakersfield, CA",Bakersfield, CA,35.3732921,-119.0187125,3395,93304,385366784,3809676,71025,56986,57439,62475.41281
United States,"Baltimore, MD",Baltimore, MD,39.2903848,-76.6121893,3396,21236,7778915,0,75318,63290,50914,2639.464674
United States,"Baton Rouge, LA",Baton Rouge, LA,30.4582829,-91.1403196,3397,70806,222547923,5682680,56178,39487,54542,57977.17479
United States,"Beaverton, OR",Beaverton, OR,45.4871723,-122.8037804,9550,97008,3562312,0,52221,38658,38630,617.1890324
United States,"Bellevue, WA",Bellevue, WA,47.6144219,-122.1923372,9978,98004,965023,0,172496,300000,84829,97.85949561
United States,"Bellingham, WA",Bellingham, WA,48.7595529,-122.4882249,8448,98229,16197562,4823649,82398,75858,51702,1188.246377
United States,"Bend, OR",Bend, OR,44.0581728,-121.3153096,9378,97701,85483185,660862,69397,53546,57794,19488.16802
United States,"Bentonville, AR",Bentonville, AR,36.3728538,-94.2088172,9306,72712,4253798,8043,39761,34063,30863,628.0203232
United States,"Berkeley, CA",Berkeley, CA,37.8708789,-122.2728247,9798,94707,1106644,0,137482,133190,83451,519.5604104
United States,"Bethlehem, PA",Bethlehem, PA,40.6178915,-75.3786521,11848,18017,1683506,0,69754,300000,54966,232.3923729
United States,"Billings, MT",Billings, MT,45.7874957,-108.49607,9498,59101,5433151,353578,31722,24879,28591,396.587697
United States,"Binghamton, NY",Binghamton, NY,42.0986867,-75.9179738,7585,13901,6342876,371972,78956,69168,54557,539.0363708
United States,"Birmingham, AL",Birmingham, AL,33.5206608,-86.80249,3398,35242,7151912,58061,92018,74570,65160,1035.308758
United States,"Bismarck, ND",Bismarck, ND,46.8083268,-100.7837392,9103,58504,4179656,0,53655,45684,35967,1188.587858
United States,"Blacksburg, VA",Blacksburg, VA,37.2295733,-80.4139393,12522,24060,5900663,11480,47023,25833,53195,716.0745981
United States,"Bloomfield Hills, MI",Bloomfield Hills, MI,42.583645,-83.2454883,33547,48302,6491047,139238,125233,115001,83572,753.1262232
United States,"Bloomington, IL",Bloomington, IL,40.4731073,-88.9941403,11437,61704,2341425,0,87642,300000,45280,428.1396431
United States,"Bloomington, IN",Bloomington, IN,39.165325,-86.5263857,8198,47401,11172621,93026,65041,300000,45050,129.3958804
United States,"Bloomsburg, PA",Bloomsburg, PA,41.003698,-76.4549457,33814,17815,3042022,2576,41258,21393,47485,1003.798198
United States,"Boca Raton, FL",Boca Raton, FL,26.3586885,-80.0830984,11189,33431,75943092,5106264,94674,70467,75598,17799.81253
United States,"Boise, ID",Boise, ID,43.6187102,-116.2146068,3399,83712,2787586,81547,68382,47698,62985,1491.107229
United States,"Boston, MA",Boston, MA,42.35892,-71.05781,3400,2215,273305,0,48874,25568,59523,306.811186
United States,"Boulder, CO",Boulder, CO,40.0149856,-105.2705456,10622,80304,2882031,0,119826,300000,76603,111.6277802
United States,"Bowling Green, KY",Bowling Green, KY,36.9903199,-86.4436018,7819,42104,99097836,834101,47429,35052,45535,16307.82945
United States,"Bozeman, MT",Bozeman, MT,45.6799842,-111.0446748,10764,59715,53090819,117082,95811,300000,68394,107.7943882
United States,"Bradenton, FL",Bradenton, FL,27.4989278,-82.5748194,8960,34208,3452562,0,29811,19842,28481,1656.748321
United States,"Bremerton, WA",Bremerton, WA,47.57,-122.6525,8294,98311,4964628,2248976,67621,66172,46242,1220.567512
United States,"Bridgeport, CT",Bridgeport, CT,41.1670412,-73.2048348,14024,6604,662760,0,60931,50186,50595,801.7283605
United States,"Bronx, NY",Bronx, NY,48.3518699,-116.547416,10809,10455,165973,0,29609,21900,25154,88.12609417
United States,"Brooklyn, NY",Brooklyn, NY,40.6501038,-73.9495823,9925,11205,1054276,376700,117203,300000,71140,57.86288296
United States,"Brownsville, TX",Brownsville, TX,25.9140256,-97.4890856,11521,78520,10331384,317270,63223,50329,46300,2780.254911
United States,"Buffalo, NY",Buffalo, NY,42.8864468,-78.8783689,3402,14220,1090392,0,59820,50685,41523,1158.022235
United States,"Burlington, VT",Burlington, VT,44.4758825,-73.212072,7450,5401,461583,0,36283,27493,34877,402.1730181
United States,"Butte, MT",Butte, MT,45.9838436,-112.5007277,10203,59701,4762059,0,39837,27021,41158,1482.850932
United States,"Cambridge, MA",Cambridge, MA,42.3750997,-71.1056157,10377,2141,467529,0,66474,36520,68794,388.9139614
United States,"Camden, NJ",Camden, NJ,39.9448436,-75.1198694,10992,8103,1171708,55093,39958,21912,51151,258.0747776
United States,"Canton, OH",Canton, OH,40.7989522,-81.3784445,11117,44714,2137891,0,55294,58161,29451,147.8895588
United States,"Carlsbad, CA",Carlsbad, CA,33.1580933,-117.3505939,12929,92009,4407413,0,64113,300000,63098,305.1956025
United States,"Cary, NC",Cary, NC,30.4627376,-81.78427,11614,27513,146322917,2815890,106139,93114,70195,21719.58802
United States,"Cedar Rapids, IA",Cedar Rapids, IA,41.9758872,-91.6704053,9504,52404,3731140,10462,97904,98874,52983,279.0473319
United States,"Champaign, IL",Champaign, IL,40.1164205,-88.2433829,12382,61820,456544,634,15444,8760,18646,600.1701123
United States,"Chandler, AZ",Chandler, AZ,33.3066739,-111.8408605,11273,85286,3873524,7991,69214,68132,39574,346.0780086
United States,"Chapel Hill, NC",Chapel Hill, NC,35.9131996,-79.0558445,9801,27516,1089763,295,36566,20912,49371,936.4916868
United States,"Charleston, SC",Charleston, SC,32.7765656,-79.9309216,8539,29401,714312,754367,97644,78926,84585,170.0842474
United States,"Charleston, WV",Charleston, WV,38.3498221,-81.6326301,9384,25301,1468596,182220,36894,18272,41871,400.4490853
United States,"Charlotte, NC",Charlotte, NC,35.2270869,-80.8431267,3403,28205,1124237,0,40531,32508,38083,535.6090115
United States,"Charlottesville, VA",Charlottesville, VA,38.0293059,-78.4766781,9181,22908,4581536,11479,45772,28009,52199,820.9714753
United States,"Chattanooga, TN",Chattanooga, TN,35.0456297,-85.3096801,8438,37415,16975414,0,47415,36640,42060,3863.264218
United States,"Cherry Hill, NJ",Cherry Hill, NJ,39.9348351,-75.0307264,10414,8034,7317476,225555,83759,73581,63146,667.521362
United States,"Cheyenne, WY",Cheyenne, WY,41.1399814,-104.8202462,10358,82007,15528493,0,45079,300000,33184,186.9624528
United States,"Chicago, IL",Chicago, IL,41.8781136,-87.6297982,3405,60608,588808396,17615206,67450,48321,62043,612241.923
United States,"Chico, CA",Chico, CA,39.7284944,-121.8374777,8019,95926,6244233,0,84979,73616,59231,1360.616595
United States,"Cincinnati, OH",Cincinnati, OH,39.1014537,-84.5124602,3406,45241,12285238,0,119823,105537,73356,368.9746417
United States,"Citrus Heights, CA",Citrus Heights, CA,38.7071247,-121.2810611,33891,95621,1607390,0,51458,53549,32209,243.6215925
United States,"Clarksville, TN",Clarksville, TN,36.5285918,-87.3098696,11786,37040,10757538,360726,38147,24986,35243,437.4256936
United States,"Clearwater, FL",Clearwater, FL,27.9658533,-82.8001026,9363,33760,2287071,7196,43415,35321,34031,1223.158445
United States,"Cleveland, OH",Cleveland, OH,41.49932,-81.6943605,3407,44108,2647807,1505538,106130,87111,79818,268.8812957
United States,"Cody, WY",Cody, WY,44.5263422,-109.0565308,13188,82414,16203355191,61215488,72151,300000,36256,397.8803016
United States,"Coeur d'Alene, ID",Coeur d'Alene, ID,47.7164555,-116.8216056,9579,83814,89009905,6609847,85024,77130,60575,238.7535605
United States,"College Station, TX",College Station, TX,30.627977,-96.3344068,8396,77842,456038,0,38844,24713,40567,574.446222
United States,"Colorado Springs, CO",Colorado Springs, CO,38.8338816,-104.8213634,3408,80921,6111018,13400,113743,105184,69854,819.9320494
United States,"Columbia, MD",Columbia, MD,39.2151996,-76.8546725,9380,21044,3606701,168743,88095,63343,69063,572.8367443
United States,"Columbia, MO",Columbia, MO,38.9517053,-92.3340724,9331,65201,168320842,689182,63056,44860,57825,27372.86957
United States,"Columbia, SC",Columbia, SC,34.0007104,-81.0348144,7608,29210,2328053,0,49442,48173,29603,345.5180719
United States,"Columbus, GA",Columbus, GA,32.4609764,-84.9877094,7928,31907,560530243,11873622,55824,41908,50381,47187.06041
United States,"Columbus, OH",Columbus, OH,39.962208,-83.000676,3409,43236,565783587,15247719,84971,74612,53545,1539.212031
United States,"Concord, CA",Concord, CA,37.9779776,-122.0310733,13811,94520,371137,0,67508,39905,59076,185.8945947
United States,"Corpus Christi, TX",Corpus Christi, TX,27.8005828,-97.396381,3410,78408,6319031,0,55275,38205,54020,230.7551897
United States,"Corvallis, OR",Corvallis, OR,44.5645659,-123.2620435,34457,97330,1129340,0,67727,57997,45618,144.6255278
United States,"Dallas, TX",Dallas, TX,32.7761963,-96.7968994,3411,75225,1199677,0,202910,300000,64055,42.86078324
United States,"Danville, CA",Danville, CA,37.8215929,-121.9999606,9036,94506,5339429,0,154342,154994,79948,412.1591105
United States,"Davenport, IA",Davenport, IA,41.5236437,-90.5776367,8105,52804,162885999,5501339,58034,46716,46281,25866.97546
United States,"Davis, CA",Davis, CA,34.1722874,-117.5812832,12418,95616,4633048,0,73944,62396,62568,490.6946781
United States,"Dayton, OH",Dayton, OH,39.7589478,-84.1916069,7711,45417,5657352,0,35399,29833,33102,643.9778508
United States,"Daytona Beach, FL",Daytona Beach, FL,29.2108147,-81.0228331,10657,32117,15318022,6941,29601,25573,20729,1033.134783
United States,"Deerfield Beach, FL",Deerfield Beach, FL,26.3184123,-80.0997657,7904,33441,3070017,0,42316,33207,38192,1234.832025
United States,"DeLand, FL",DeLand, FL,29.0283213,-81.3031098,11972,32724,48168356,564917,54528,39010,48154,6906.922234
United States,"Denton, TX",Denton, TX,33.2148412,-97.1330683,12599,76207,9865700,147769,89462,300000,57943,176.5253125
United States,"Denver, CO",Denver, CO,39.7391536,-104.9847034,3412,80222,1519397,0,117162,109574,68528,345.3085015
United States,"Des Moines, IA",Des Moines, IA,41.6005448,-93.6091064,3413,50315,230329944,4657227,120279,300000,33710,10.7321315
United States,"Detroit, MI",Detroit, MI,42.331427,-83.0457538,3414,48206,359360867,10667144,36811,25417,37336,192791.0236
United States,"Dothan, AL",Dothan, AL,31.2232313,-85.3904888,9081,36303,6427118,0,58553,45033,42907,401.4213232
United States,"Dover, DE",Dover, DE,39.158168,-75.5243682,12441,19901,2323559,0,43895,32294,41017,650.0318203
United States,"Doylestown, PA",Doylestown, PA,40.3101063,-75.1298939,12633,18902,8118004,24485,148227,147348,82204,171.6128402
United States,"Duluth, GA",Duluth, GA,34.0028786,-84.1446376,12514,30097,5803246,27095,96149,80500,64767,1135.4874
United States,"Duluth, MN",Duluth, MN,46.7866719,-92.1004852,8301,55804,27987039,11794254,79530,74162,52493,797.7491072
United States,"Durham, NC",Durham, NC,35.9940329,-78.898619,3415,27701,3021356,0,40798,25893,35915,348.1491872
United States,"Eau Claire, WI",Eau Claire, WI,44.811349,-91.4984941,11755,54703,15331129,1025686,56369,48096,35718,788.5437679
United States,"El Centro, CA",El Centro, CA,32.792,-115.5630514,12469,92243,128721904,0,48768,36209,45607,340.1905719
United States,"El Paso, TX",El Paso, TX,31.7587198,-106.4869314,3416,79924,6578977,0,45265,25472,44475,441.434096
United States,"Elkhart, IN",Elkhart, IN,41.6819935,-85.9766671,11110,46514,6737379,239568,37069,40505,18635,362.6629421
United States,"Elmira, NY",Elmira, NY,42.0897965,-76.8077338,34781,14905,1493597,50755,63865,48846,55716,782.7950673
United States,"Erie, PA",Erie, PA,42.1292241,-80.085059,9096,16501,49558861,404131,43809,33692,38802,29969.66053
United States,"Eugene, OR",Eugene, OR,44.0520691,-123.0867536,9224,97405,121506662,41250,44743,24736,46461,395.4093988
United States,"Eureka, CA",Eureka, CA,40.7851725,-124.1665554,11162,95503,1895432,0,41404,31689,37090,805.415579
United States,"Evansville, IN",Evansville, IN,37.9715592,-87.5710898,8405,47715,7892834,267496,60239,47063,44079,2253.85552
United States,"Everett, WA",Everett, WA,47.9673056,-122.2013998,9966,98201,4798188,4113637,85392,74124,62200,753.5199492
United States,"Fairbanks, AK",Fairbanks, AK,64.8377802,-147.7163952,11127,99709,222739445,95236,97802,300000,65155,580.2908623
United States,"Fairfax, VA",Fairfax, VA,38.8462236,-77.3063733,8684,22032,1564424,0,134758,128472,68327,228.9783674
United States,"Fairfield, CT",Fairfield, CT,41.1412078,-73.2637258,11975,6825,3985920,0,130514,121247,77319,132.1531483
United States,"Fargo, ND",Fargo, ND,46.8771863,-96.7898034,8779,58102,1253740,0,136797,129656,55532,29.7295821
United States,"Fayetteville, AR",Fayetteville, AR,36.0694725,-94.20543872,9410,72703,8175715,416234,47481,43226,41499,177.2567005
United States,"Fayetteville, NC",Fayetteville, NC,35.0526641,-78.8783585,9246,28306,4400317,0,33422,25039,31080,386.9800186
United States,"Flagstaff, AZ",Flagstaff, AZ,35.199458,-111.6514259,10242,86001,19798069,0,122937,112343,77704,115.1901038
United States,"Flint, MI",Flint, MI,43.0171773,-83.7236024,10898,48504,2225132,0,39229,30987,34400,948.0270198
United States,"Florence, AL",Florence, AL,34.79981,-87.677251,9586,35630,1960895,1340,28404,25315,18845,198.9589663
United States,"Fort Collins, CO",Fort Collins, CO,40.5852602,-105.084423,8543,80521,983869,0,81259,77786,54912,223.4873737
United States,"Fort Lauderdale, FL",Fort Lauderdale, FL,26.1224386,-80.1373174,8025,33311,204974,0,26881,22946,21957,276.6186486
United States,"Fort Myers, FL",Fort Myers, FL,26.640628,-81.8723084,7738,33907,696700,0,20533,18545,9575,230.3322667
United States,"Fort Wayne, IN",Fort Wayne, IN,41.079273,-85.1393513,3417,46808,2668998,39796,44842,42253,28344,1172.249731
United States,"Fort Worth, TX",Fort Worth, TX,32.753177,-97.3327459,3418,76135,4013929,2712,98879,85973,65342,251.5839859
United States,"Frederick, MD",Frederick, MD,39.4142688,-77.4105409,12560,21703,28008497,39127,87344,77070,61173,3260.409573
United States,"Fredericksburg, VA",Fredericksburg, VA,38.3031837,-77.4605399,8216,22407,3951130,8588,89947,76698,57941,564.4357622
United States,"Fremont, CA",Fremont, CA,37.5482697,-121.9885719,3419,94555,1634514,0,125931,300000,73003,533.7271059
United States,"Fresno, CA",Fresno, CA,36.7477272,-119.7723661,3420,93730,3239536,130737,33535,18417,34551,126.3978737
United States,"Frisco, TX",Frisco, TX,33.1506744,-96.8236116,12528,75034,2664535,1457,146002,300000,56066,82.42297436
United States,"Fullerton, CA",Fullerton, CA,33.8703596,-117.9242966,13128,92835,5037525,0,128201,300000,75641,170.3220269
United States,"Gainesville, FL",Gainesville, FL,29.651907,-82.3247976,9782,32601,1835265,629307,39023,31371,30751,454.04382
United States,"Gainesville, GA",Gainesville, GA,34.2978794,-83.8240663,7938,30507,2924073,3338,43231,300000,23821,11.39980266
United States,"Garland, TX",Garland, TX,32.912624,-96.6388833,3421,75043,5129875,1474913,72784,62805,50172,1307.498927
United States,"Germantown, MD",Germantown, MD,39.416774,-76.4585739,7580,20874,3067910,4451,122817,107853,68085,223.815449
United States,"Gilbert, AZ",Gilbert, AZ,33.3528264,-111.789027,34585,85295,176124143,510475,94418,84020,59877,30298.76837
United States,"Glendale, AZ",Glendale, AZ,33.558997,-112.404683,35589,85308,2602089,0,68634,59202,44211,528.3031273
United States,"Glendale, CA",Glendale, CA,34.1425078,-118.255075,3422,91208,2226739,36667,99322,300000,55854,103.2610909
United States,"Grand Forks, ND",Grand Forks, ND,47.9252568,-97.0328547,8754,58203,69852722,488150,61129,46144,55410,14390.34196
United States,"Grand Junction, CO",Grand Junction, CO,39.063956,-108.5507317,11266,81501,1443986,0,43707,30506,39588,484.2050425
United States,"Grand Rapids, MI",Grand Rapids, MI,42.9633599,-85.6680863,3423,49505,1681479,207,54368,49858,36026,348.3458527
United States,"Grapevine, TX",Grapevine, TX,32.9342919,-97.0780654,12655,76051,2877787,25936,46715,39331,39446,869.805183
United States,"Grass Valley, CA",Grass Valley, CA,39.2289075,-121.0685903,10227,95949,71125542,1460898,75233,300000,49818,108.6954497
United States,"Green Bay, WI",Green Bay, WI,44.519159,-88.019826,9276,54304,2793987,0,47427,38266,39290,343.5183879
United States,"Greensboro, NC",Greensboro, NC,36.0726354,-79.7919754,3424,27405,3153696,26999,27719,21342,19970,371.9546884
United States,"Greenville, NC",Greenville, NC,35.612661,-77.3663538,10718,27858,4792140,0,45944,31699,49339,2570.75625
United States,"Greenville, SC",Greenville, SC,34.8526176,-82.3940104,7724,29607,74913028,364965,63183,42074,62064,16778.27182
United States,"Gresham, OR",Gresham, OR,45.5059203,-122.4486119,34311,97080,4748728,26873,84295,69857,58732,399.4736961
United States,"Hagerstown, MD",Hagerstown, MD,39.6419219,-77.7202641,9113,21742,4554032,0,84245,81606,46174,118.3910229
United States,"Harrisburg, PA",Harrisburg, PA,40.2737002,-76.8844179,7536,17110,644717,2214933,53052,41650,46205,1084.481459
United States,Harrisonburg va,Harrisonburg,VA,38.4495688,-78.8689155,12508,22802,86524124,99805,57114,39365,51469,653.9795108
United States,"Hartford, CT",Hartford, CT,41.7637111,-72.6850932,7589,6120,1834384,173905,68135,63583,45047,110.4919552
United States,"Hattiesburg, MS",Hattiesburg, MS,31.3271189,-89.2903392,8117,39401,2294987,0,56055,300000,37561,161.4941002
United States,"Hempstead, NY",Hempstead, NY,40.7062128,-73.6187397,3425,11550,1136400,1554299,131519,114157,78333,183.3828567
United States,"Henderson, NV",Henderson, NV,36.0391456,-114.9819235,11719,89052,925247,0,64540,57740,36818,607.3359131
United States,"Hickory, NC",Hickory, NC,35.7331895,-81.3412006,10946,28601,15616028,1259052,41981,31203,33848,890.7381854
United States,"Hilo, HI",Hilo, HI,19.685067,-155.100536,9406,96720,28714258,0,80587,68276,61781,837.2820146
United States,"Hoboken, NJ",Hoboken, NJ,40.7433066,-74.0323752,11268,7030,571743,0,135455,125553,78897,158.2437168
United States,"Hollywood, FL",Hollywood, FL,26.0121458,-80.1676643,11843,33020,1055570,0,33011,23083,34875,945.0385786
United States,"Honolulu, HI",Honolulu, HI,21.3069444,-157.8583333,3427,96825,59600141,29652518,123833,113392,74328,5359.186903
United States,"Houston, TX",Houston, TX,29.7604267,-95.3698028,3428,77024,3748634,0,169670,300000,84592,277.3097744
United States,"Huntington, WV",Huntington, WV,38.4192496,-82.445154,3429,25702,2018886,26232,25646,20282,20922,882.52155
United States,"Huntington Beach, CA",Huntington Beach, CA,33.660297,-117.9992265,3430,92648,69762694,13438927,98804,83908,69678,31761.5595
United States,"Huntsville, AL",Huntsville, AL,34.7303688,-86.5861037,7822,35810,3746454,2577,47407,33659,47264,349.989237
United States,"Idaho Falls, ID",Idaho Falls, ID,43.4916514,-112.0339645,7994,83404,2506596,9859,78701,59580,65442,469.9480035
United States,"Indianapolis, IN",Indianapolis, IN,39.7683765,-86.1580423,3431,46234,1739353,0,69027,57622,44140,296.4194716
United States,"Iowa City, IA",Iowa City, IA,41.6611277,-91.5301683,7633,52240,67167680,734599,61088,42441,59021,17955.19812
United States,"Irvine, CA",Irvine, CA,33.6839473,-117.7946942,8366,92620,6404939,0,68649,66137,55052,298.5480322
United States,"Irving, TX",Irving, TX,32.8140177,-96.9488945,3432,75039,27181248,1289,0,0,0,0
United States,"Ithaca, NY",Ithaca, NY,42.4396039,-76.4968019,9872,14850,4575840,3196,103670,79328,74957,675.2570926
United States,"Jackson, MS",Jackson, MS,32.2987573,-90.1848103,3434,39211,5135763,0,74570,54047,61112,287.4813744
United States,"Jackson, WY",Jackson, WY,43.4799291,-110.7624282,9184,83001,77819972,845971,100173,81913,67101,1212.586845
United States,"Jacksonville, FL",Jacksonville, FL,30.3321838,-81.655651,3435,32208,5320295,2090036,22488,20336,22050,189.6844379
United States,"Jacksonville, NC",Jacksonville, NC,34.7540524,-77.4302414,9354,28546,3556953,0,66820,300000,50331,448.1530542
United States,"Jersey City, NJ",Jersey City, NJ,40.7281575,-74.0776417,3436,7307,264235,0,33099,20114,32048,386.1767009
United States,"Johnson City, TN",Johnson City, TN,36.3134398,-82.3534728,10847,37604,111347142,807175,56951,39548,56634,17878.22916
United States,"Jonesboro, AR",Jonesboro, AR,35.8422967,-90.704279,9275,72404,3723225,0,39788,36140,25046,752.0810865
United States,"Joplin, MO",Joplin, MO,37.0842271,-94.513281,7557,64802,104163,0,57759,300000,20656,6.599703976
United States,"Juneau, AK",Juneau, AK,58.3019444,-134.4197222,12551,99801,7489229,36094,92293,78817,74866,242.8802479
United States,"Jupiter, FL",Jupiter, FL,26.9342246,-80.0942087,14085,33458,56565914,4574769,89146,71237,69377,11707.46595
United States,"Kahului, HI",Kahului, HI,20.8893351,-156.4729469,12419,96732,6956425,86609,49115,48509,20456,388.0162061
United States,"Kalamazoo, MI",Kalamazoo, MI,42.2917069,-85.5872286,8916,49048,1685637,56787,30751,26735,23717,184.0937072
United States,"Kansas City, KS",Kansas City, KS,39.10666667,-94.67638889,34571,66104,1603368,0,38996,36522,26791,328.52793
United States,"Kansas City, MO",Kansas City, MO,39.0997265,-94.5785667,3437,64116,6679458,0,97371,78531,69938,681.9808372
United States,"Katy, TX",Katy, TX,29.7857853,-95.8243956,12911,77494,50967733,351917,148987,141709,79025,315.1045104
United States,"Kennewick, WA",Kennewick, WA,46.2112458,-119.1372338,9031,99336,5949349,0,84754,72324,65172,708.7618962
United States,"Kenosha, WI",Kenosha, WI,42.5847425,-87.8211854,8358,53140,12141902,2214880,61404,57713,35324,137.5926236
United States,"Kent, WA",Kent, WA,47.3826903,-122.2270272,11883,98031,4234265,1686,120523,96477,66069,168.8827107
United States,"Key West, FL",Key West, FL,24.5548029,-81.7993906,10667,33040,4007767,45351214,64647,56938,46649,339.6512167
United States,"Kingsport, TN",Kingsport, TN,36.4905785,-82.51336623,11278,37664,21828105,105528,60934,39849,51599,1952.974794
United States,"Kissimmee, FL",Kissimmee, FL,28.2920249,-81.4078013,11389,34744,8292207,30790,66135,49968,56699,2685.065745
United States,"Klamath Falls, OR",Klamath Falls, OR,42.224867,-121.7816704,9227,97601,2484592226,223094408,48468,30667,46912,263.8542213
United States,"Knoxville, TN",Knoxville, TN,35.9606384,-83.9207392,7420,37922,41479643,435520,0,0,0,0
United States,"Kokomo, IN",Kokomo, IN,40.486427,-86.1336033,8430,46901,2542880,0,33544,27535,26756,649.3450913
United States,"La Crosse, WI",La Crosse, WI,43.8013556,-91.2395807,10183,54603,5849763,320682,38478,24465,44313,165.1590777
United States,"Lafayette, IN",Lafayette, IN,40.4167022,-86.8752869,7642,47905,1526651,0,59757,49290,48744,281.6539673
United States,"Lafayette, LA",Lafayette, LA,30.2240897,-92.0198427,9568,70506,3822404,0,68117,38530,65284,270.2854875
United States,"Lake Charles, LA",Lake Charles, LA,30.2265949,-93.2173759,8579,70601,4455424,3920832,72797,50839,62618,949.0941358
United States,"Lakeland, FL",Lakeland, FL,28.0394654,-81.9498042,11186,33801,4927487,1117567,38865,33887,27126,236.0229218
United States,"Lancaster, CA",Lancaster, CA,34.6981064,-118.1366153,10835,93535,235291631,131773,53182,38578,53018,242.949616
United States,"Lancaster, PA",Lancaster, PA,40.0378755,-76.3055144,7696,17602,1484166,37829,73250,300000,36009,68.19664773
United States,"Lansing, MI",Lansing, MI,42.7337712,-84.5553805,10015,48911,12509543,698660,49160,37095,43569,1252.335091
United States,"Laramie, WY",Laramie, WY,41.3113669,-105.5911007,9760,82070,43264735,0,23530,300000,23917,24.79987199
United States,"Laredo, TX",Laredo, TX,27.5060991,-99.5088979,11295,78045,4922524,0,30833,300000,12606,15
United States,"Las Cruces, NM",Las Cruces, NM,32.3199396,-106.7636538,7605,88001,5463596,0,68731,49039,58600,215.8885357
United States,"Las Vegas, NV",Las Vegas, NV,36.1699412,-115.1398296,3438,89120,1090672,0,47974,44734,33006,505.3779065
United States,"Lawton, OK",Lawton, OK,34.6086854,-98.3903305,9836,73507,2617818,0,39083,27765,33613,201.7253757
United States,"Lexington, KY",Lexington, KY,38.0317136,-84.4951359,8014,40502,220078558,11963692,32574,22746,29219,326.3257798
United States,"Lincoln, NE",Lincoln, NE,40.8000554,-96.6674005,3439,68504,1416371,0,37359,39811,26212,343.7431756
United States,"Little Rock, AR",Little Rock, AR,34.7464809,-92.2895948,3440,72206,4648249,100820,37068,30565,32671,325.9885554
United States,"Livermore, CA",Livermore, CA,37.6818745,-121.7680088,12521,94551,1450257,0,51011,44424,35481,317.1909276
United States,"Logan, UT",Logan, UT,41.7313447,-111.8348631,11211,84321,78838639,7679319,56442,60998,39839,266.2507967
United States,"Long Beach, CA",Long Beach, CA,33.8041667,-118.1580556,3441,90810,1603847,0,92074,94556,45388,68.69358391
United States,"Longmont, CO",Longmont, CO,40.1672068,-105.1019275,12784,80501,58546095,3906167,89326,73955,63803,304.1159772
United States,"Longview, TX",Longview, TX,32.5007037,-94.7404891,7801,75606,6740327,0,49987,33673,39443,383.3787712
United States,"Los Angeles, CA",Los Angeles, CA,34.0522342,-118.2436849,3442,90047,4785352,0,39928,26090,41109,7649.302158
United States,"Louisville, KY",Louisville, KY,38.2542376,-85.759407,3443,40207,102455,0,150119,147439,76366,12.73220108
United States,"Loveland, CO",Loveland, CO,40.3977612,-105.0749801,11588,80537,36279196,222991,114030,300000,66239,141.9225221
United States,"Lubbock, TX",Lubbock, TX,33.6720835,-101.8580057,3444,79410,322793416,2955879,58705,44459,52375,57937.30056
United States,"Macon, GA",Macon, GA,32.8406946,-83.6324022,7982,31210,25574389,241067,101029,86924,64995,812.6430071
United States,"Madison, WI",Madison, WI,43.0730517,-89.4012302,3445,53705,2084797,0,139215,130473,80453,201.8173615
United States,"Manassas, VA",Manassas, VA,38.7509488,-77.4752667,8849,20111,1837944,910,92303,86659,52080,374.1339125
United States,"Manchester, NH",Manchester, NH,42.9956397,-71.4547891,7936,3104,4408703,276142,77910,66932,59384,465.0944569
United States,"Mandeville, LA",Mandeville, LA,30.3582506,-90.0656311,13938,70448,4327842,110270,141605,136747,77611,349.7273785
United States,"Marietta, GA",Marietta, GA,33.952602,-84.5499327,7940,30060,60358315,200841,63423,44615,56852,14637.52613
United States,"McAllen, TX",McAllen, TX,26.2260035,-98.23731772,8121,78501,18359389,0,33353,23401,30842,543.9154525
United States,"McKinney, TX",McKinney, TX,33.1976496,-96.6154471,10614,75071,163107658,1741187,95186,82641,64760,21913.62597
United States,"Medford, OR",Medford, OR,42.3265152,-122.8755949,8633,97504,66723120,16210,55005,41664,46922,19771.17375
United States,"Melbourne, FL",Melbourne, FL,28.0836269,-80.6081089,8904,32935,3878649,0,52854,41753,42050,1751.641309
United States,"Memphis, TN",Memphis, TN,35.1495343,-90.0489801,3446,38107,4186005,2549741,85388,66987,70532,1524.277289
United States,"Mesa, AZ",Mesa, AZ,33.4151843,-111.8314724,3447,85204,5303999,32323,79505,68778,48156,1126.104486
United States,"Miami, FL",Miami, FL,25.7742657,-80.1936589,3448,33155,8701172,186899,61400,48065,52115,4600.010823
United States,"Midland, MI",Midland, MI,43.6155825,-84.2472116,8893,48640,88625207,5161629,19841,14256,12959,57.33106667
United States,"Midland, TX",Midland, TX,32.0238968,-102.0966309,9455,79705,7388785,0,73771,43922,72198,481.0390702
United States,"Milwaukee, WI",Milwaukee, WI,43.0389025,-87.9064736,3449,53223,3810602,168402,51244,29764,64069,467.4431811
United States,"Minneapolis, MN",Minneapolis, MN,44.9799654,-93.2638361,3450,55430,2010639,0,70497,49135,58578,180.5259427
United States,"Missoula, MT",Missoula, MT,46.8795445,-113.9214345,9456,59808,7568073,0,63948,52339,61785,116.0620255
United States,"Mobile, AL",Mobile, AL,30.6943566,-88.0430541,3451,36606,361044263,105325210,53330,38231,50855,51243.64837
United States,"Modesto, CA",Modesto, CA,37.6930765,-120.9477871,3452,95351,35268107,3060699,70989,300000,51662,358.3208531
United States,"Monterey, CA",Monterey, CA,36.6002378,-121.8946761,7655,93940,1593820,552291,54390,38489,50629,280.4179268
United States,"Montgomery, AL",Montgomery, AL,32.3668052,-86.2999689,3453,36107,5059603,0,32307,33114,22159,219.1585743
United States,"Morgantown, WV",Morgantown, WV,39.629526,-79.9558968,10453,26505,1880891,148571,37957,19982,49208,220.9156106
United States,"Mountain View, CA",Mountain View, CA,38.00911993,-122.1168371,9610,94040,16768400,0,159081,173800,86393,2823.202214
United States,"Muncie, IN",Muncie, IN,40.1933767,-85.3863599,34101,47304,5709843,55672,27158,19523,22100,257.7248337
United States,"Murfreesboro, TN",Murfreesboro, TN,35.8456213,-86.39027,9217,37128,24439291,73801,81532,70728,51415,504.2694965
United States,"Murrieta, CA",Murrieta, CA,33.5539143,-117.2139232,12550,92562,5118244,0,46707,42017,29570,683.2740879
United States,"Myrtle Beach, SC",Myrtle Beach, SC,33.6890603,-78.8866943,9044,29577,11845499,888920,94286,72492,75928,390.4841233
United States,"Napa, CA",Napa, CA,38.2891775,-122.2937063,12456,94559,1004090,24848,43320,45962,36548,298.1879793
United States,"Naperville, IL",Naperville, IL,41.7824837,-88.1495225,9606,60565,7374049,393748,128299,300000,51149,64.4236818
United States,"Naples, FL",Naples, FL,26.1420358,-81.7948103,7572,34109,4360833,302428,113840,76077,87319,367.3123298
United States,"Nashua, NH",Nashua, NH,42.7653662,-71.467566,10856,3064,1010975,54188,42137,30416,41520,1311.744217
United States,"Nashville, TN",Nashville, TN,36.1626638,-86.7816016,8029,37204,2345880,0,62867,54579,44883,231.6572739
United States,"New Bedford, MA",New Bedford, MA,41.6362152,-70.934205,8917,2745,1849613,14605,53190,48685,38358,563.5686089
United States,"New Bern, NC",New Bern, NC,35.1084931,-77.0441143,9819,28562,9017988,1091543,56752,35895,58739,466.6915181
United States,"New City, NY",New City, NY,41.1469917,-73.9902998,12369,10956,11418580,2006466,146495,146275,77960,187.7515752
United States,"New Haven, CT",New Haven, CT,41.3081527,-72.9281577,7973,6519,886631,472133,51318,39396,50941,443.8561774
United States,"New Orleans, LA",New Orleans, LA,29.9499323,-90.0701156,3454,70113,1006841,0,21474,15203,32578,187.4204966
United States,"New Port Richey, FL",New Port Richey, FL,28.247111,-82.71702408,10181,34652,9175998,64557,38277,32365,28833,4374.763602
United States,"New York, NY",New York, NY,40.7127837,-74.0059413,3455,10016,145549,0,76190,68128,48883,199.4864111
United States,"Newark, NJ",Newark, NJ,40.735657,-74.1723667,3456,7107,179078,0,52044,46850,38310,510.2094489
United States,"Newport Beach, CA",Newport Beach, CA,33.6189101,-117.9289469,9032,92660,11653249,145012,94533,86169,71003,1765.019636
United States,"Newport News, VA",Newport News, VA,37.0870821,-76.4730122,8011,23607,1569793,0,32948,20754,34838,988.1898632
United States,"Newton, MA",Newton, MA,42.3370414,-71.2092214,9600,2458,1285402,24128,123219,300000,69411,106.7922371
United States,"Norfolk, VA",Norfolk, VA,36.8507689,-76.2858726,3457,23503,911468,229938,53073,46300,31759,638.779073
United States,"Norman, OK",Norman, OK,35.2225668,-97.4394777,13181,73069,1561400,0,46456,38677,37441,628.411242
United States,"Norwalk, CT",Norwalk, CT,41.1175966,-73.4078968,8153,6851,2440420,20942,137526,147428,68621,107.8204928
United States,"Norwich, CT",Norwich, CT,41.549491,-72.08922807,10621,6360,27348330,454438,65717,56991,39098,388.9829701
United States,"Oakland, CA",Oakland, CA,37.8043637,-122.2711137,3459,94606,706611,0,69451,63541,51804,745.93188
United States,"Ocala, FL",Ocala, FL,29.1871986,-82.1400923,9266,34476,7753526,0,45556,39041,26942,1614.252826
United States,"Oceanside, CA",Oceanside, CA,33.1958696,-117.3794834,11257,92054,2543855,317983,61486,52672,51270,359.8126225
United States,"Odessa, TX",Odessa, TX,31.8456816,-102.3676431,8115,79760,2716834,3009,89312,70341,66429,152.858768
United States,"Ogden, UT",Ogden, UT,41.2230048,-111.9738429,11833,84404,2775463,0,70868,62105,41126,407.27814
United States,"Oklahoma City, OK",Oklahoma City, OK,35.4675602,-97.5164276,3460,73170,48426035,742630,98020,300000,58105,259.5158865
United States,"Olympia, WA",Olympia, WA,47.0378741,-122.9006951,7998,98501,3970065,712,57181,54810,47439,1323.098896
United States,"Omaha, NE",Omaha, NE,41.2523634,-95.9979883,3461,68112,3045144,7680,42739,46228,25464,281.253199
United States,"Ontario,CA",Ontario,CA,34.0633443,-117.6508876,13879,91764,1157833,0,56072,44939,47650,188.2250177
United States,"Orem, UT",Orem, UT,40.2975185,-111.6944685,9860,84057,2184751,0,56134,45421,43904,180.0254655
United States,"Orlando, FL",Orlando, FL,28.5383355,-81.3792365,3462,32807,8202744,83856,43567,36551,32820,3445.856408
United States,"Oshkosh, WI",Oshkosh, WI,44.0177132,-88.5389798,10338,54901,1318674,67561,53659,47895,43054,881.5629151
United States,"Owensboro, KY",Owensboro, KY,37.7719074,-87.1111676,9294,42301,2530765,375,56057,300000,45627,191.0626382
United States,"Palm Coast, FL",Palm Coast, FL,29.5849736,-81.2078411,8181,32137,3480148,126719,54589,27565,63441,733.3812464
United States,"Palm Springs, CA",Palm Springs, CA,33.8345281,-116.5389475,10647,92262,3136510,0,56726,42809,44909,723.6375926
United States,"Palmdale, CA",Palmdale, CA,34.5794343,-118.1164613,8144,93551,14561199,4465,76484,62035,54730,446.0124315
United States,"Palo Alto, CA",Palo Alto, CA,37.442156,-122.1634472,10877,94304,7073378,117653,89161,48662,87102,1727.77131
United States,"Panama City, FL",Panama City, FL,30.1600827,-85.6545729,9922,32404,9327677,7310,40465,33102,31036,379.4552509
United States,"Pasadena, CA",Pasadena, CA,34.1476452,-118.1444779,12291,91107,2464480,0,26936,24459,35385,275.4869913
United States,"Paterson, NJ",Paterson, NJ,40.9137053,-74.1792284,7622,7502,1492428,90936,83788,78042,59833,971.2154737
United States,"Pembroke Pines, FL",Pembroke Pines, FL,26.0236064,-80.34125362,10043,33024,2366696,193908,70035,59683,46128,1280.643038
United States,"Pensacola, FL",Pensacola, FL,30.421309,-87.2169149,8910,32501,3065947,1380,28472,23486,24358,866.5341615
United States,"Peoria, AZ",Peoria, AZ,33.5805955,-112.2373779,7762,85382,3332748,30221,45443,37353,32701,1689.202262
United States,"Peoria, IL",Peoria, IL,40.6938609,-89.5891008,9764,61607,2417457,0,65474,52751,40118,69.79757231
United States,"Philadelphia, PA",Philadelphia, PA,39.952335,-75.163789,3465,19111,900568,0,73396,61310,52262,548.6718556
United States,"Phoenix, AZ",Phoenix, AZ,33.4483771,-112.0740373,3466,85009,930847320,6790078,68506,51503,56207,154.4265202
United States,"Pittsburgh, PA",Pittsburgh, PA,40.4406248,-79.9958864,3467,15207,36809592,761784,58114,49013,45247,5298.460061
United States,"Plano, TX",Plano, TX,33.0198431,-96.6988856,3468,75074,7920510,0,107103,105287,61598,423.9937174
United States,"Pleasanton, CA",Pleasanton, CA,37.6624312,-121.8746789,9616,94566,4826716,0,101612,84514,79600,982.3805313
United States,"Pocatello, ID",Pocatello, ID,42.8713032,-112.4455344,9026,83202,87748318,186488,51708,46669,36355,195.3288287
United States,"Pomona, CA",Pomona, CA,34.0552267,-117.7523048,9234,91767,1811578,0,72283,67063,52393,521.2093942
United States,"Pooler, GA",Pooler, GA,32.115481,-81.2470574,34280,31322,48751825,813160,66620,57712,45885,839.9531553
United States,"Port St Lucie, FL",Port St Lucie, FL,27.2758333,-80.355,7892,34952,3413697,6022917,62892,55748,49516,84.79524
United States,"Portland, ME",Portland, ME,43.661471,-70.2553259,8722,4101,462934,269132,78255,59160,57669,131.3951754
United States,"Portland, OR",Portland, OR,45.5230622,-122.6764816,3469,97266,2034574,0,33175,29242,22129,726.4107802
United States,"Poughkeepsie, NY",Poughkeepsie, NY,41.7065779,-73.9284101,11816,12603,1788717,1471,90594,98913,46507,106.5936831
United States,"Prescott, AZ",Prescott, AZ,34.5400242,-112.4685025,9094,86305,44019887,1131532,65618,44963,61616,1477.817747
United States,"Princeton, NJ",Princeton, NJ,40.3487181,-74.6590472,7971,8540,11023111,12031,137131,121794,85977,811.0743283
United States,"Providence, RI",Providence, RI,41.8239891,-71.4128343,8406,2906,1939552,3129,93088,79847,64028,778.5387233
United States,"Pueblo, CO",Pueblo, CO,38.2544472,-104.6091409,12919,81001,1042529,0,19788,300000,8349,10
United States,"Puyallup, WA",Puyallup, WA,47.1849009,-122.2921406,10253,98373,7884512,6124,52399,44138,40334,655.4425815
United States,"Raleigh, NC",Raleigh, NC,35.7804015,-78.6390779,3470,27603,973170,0,60281,39112,61879,839.16663
United States,"Rancho Cucamonga, CA",Rancho Cucamonga, CA,34.1063989,-117.5931084,10369,91730,2155900,0,103038,85634,64940,317.5779063
United States,"Rapid City, SD",Rapid City, SD,44.0805434,-103.2310149,7574,57701,2308381,0,44436,37276,36684,1294.626085
United States,"Redding, CA",Redding, CA,40.5865396,-122.3916754,7827,96003,12160323,1511480,54704,31295,54483,182.8266163
United States,"Redmond, WA",Redmond, WA,47.6694141,-122.1238767,9281,98052,42671236,27137,115345,103788,74443,8167.121309
United States,"Redondo Beach, CA",Redondo Beach, CA,33.8491816,-118.3884078,14100,90278,2582464,0,109016,300000,58288,99.02806248
United States,"Redwood City, CA",Redwood City, CA,37.4852152,-122.2363548,12455,94065,5981407,0,134970,123591,84874,155.5196608
United States,"Reno, NV",Reno, NV,39.5296329,-119.8138027,3471,89523,3759924,14009,110894,93615,72462,201.4203023
United States,"Reston, VA",Reston, VA,38.9584435,-77.3582532,10481,20191,3798164,31322,110852,101584,72535,188.4551064
United States,"Richland, WA",Richland, WA,46.2856907,-119.2844621,34296,99352,1502237,0,52572,43994,35035,576.9826458
United States,"Richmond, KY",Richmond, KY,37.7478572,-84.2946539,9080,40475,108463930,1610972,56352,55769,35417,344.0481462
United States,"Richmond, VA",Richmond, VA,37.542979,-77.469092,3472,23220,154942138,6879776,57579,40384,56721,56861.71987
United States,"Riverside, CA",Riverside, CA,33.9533487,-117.3961564,3473,92501,3276077,174839,56215,300000,34129,202.0599553
United States,"Roanoke, VA",Roanoke, VA,37.2709704,-79.9414266,7721,24019,22302066,188000,47912,300000,26200,9.999599973
United States,"Rochester, MN",Rochester, MN,44.0216306,-92.4698992,8751,55904,801219,0,66392,42342,61020,269.9159054
United States,"Rochester, NY",Rochester, NY,43.1572851,-77.6152141,3474,14605,574618,0,28515,16093,30557,176.1924124
United States,"Rock Hill, SC",Rock Hill, SC,34.9248667,-81.0250784,12679,29732,96621121,454658,53488,39903,46944,18273.06359
United States,"Rocklin, CA",Rocklin, CA,38.7907339,-121.2357828,11940,95677,2149808,0,88083,89894,56268,157.2240091
United States,"Rockville, MD",Rockville, MD,39.0839973,-77.1527578,7945,20855,3285482,1972,114854,300000,81342,158.9605571
United States,"Rogers, AR",Rogers, AR,36.3320196,-94.1185366,8651,72756,3902433,1203,58396,43440,48067,1044.73085
United States,"Roseville, CA",Roseville, CA,38.7521235,-121.2880059,12231,95661,2766186,0,64770,54581,57787,443.3117845
United States,"Sacramento, CA",Sacramento, CA,38.5815719,-121.4943996,3475,95816,253621861,5651667,64615,49743,55451,106035.137
United States,"Saginaw, MI",Saginaw, MI,43.4200387,-83.9490365,10605,48601,44306127,1889984,36338,28008,33175,14833.12101
United States,"Saint George, UT",Saint George, UT,37.0952778,-113.5780556,7951,84770,22760134,0,59075,39302,54506,946.9654284
United States,"Saint Paul, MN",Saint Paul, MN,44.9541667,-93.1138889,3477,55101,1607108,0,34790,19592,44806,692.8002421
United States,"Salem, OR",Salem, OR,44.9391565,-123.033121,10274,97303,5261128,202450,42498,25482,40194,519.1469599
United States,"Salt Lake City, UT",Salt Lake City, UT,40.7607793,-111.8910474,3479,84103,1384228,0,108170,85573,75605,184.1206795
United States,"San Angelo, TX",San Angelo, TX,31.4637723,-100.4370375,8010,76903,9698393,0,41980,35850,25425,339.1283163
United States,"San Antonio, TX",San Antonio, TX,29.4241219,-98.4936282,3480,78232,3817300,8645,102646,82298,71145,580.4999088
United States,"San Bernardino, CA",San Bernardino, CA,34.1083449,-117.2897652,3481,92411,8140238,10189,44076,35849,36861,1830.544045
United States,"San Diego, CA",San Diego, CA,32.715738,-117.1610838,3482,92110,1541456,0,120050,122111,86339,216.920926
United States,"San Francisco, CA",San Francisco, CA,37.775206,-122.419209,3483,94133,268266,0,98645,82929,77710,435.0801444
United States,"San Jose, CA",San Jose, CA,37.3382082,-121.8863286,3484,95112,1922127,0,72253,300000,52352,157.5279339
United States,"San Luis Obispo, CA",San Luis Obispo, CA,35.2827525,-120.6596156,9731,93401,3158263,0,70959,300000,30348,42.33158214
United States,"San Mateo, CA",San Mateo, CA,37.5446217,-122.3091165,11992,94401,773555,0,119002,101475,78830,227.8856092
United States,"San Rafael, CA",San Rafael, CA,37.9735346,-122.5310874,11933,94903,9481991,49066,97244,87362,71020,735.9560443
United States,"Santa Ana, CA",Santa Ana, CA,33.7455731,-117.8678338,3485,92704,5269814,44984,121173,113437,80521,293.3048777
United States,"Santa Barbara, CA",Santa Barbara, CA,34.4208305,-119.6981901,7907,93160,3792514,0,66348,300000,83177,240.8645932
United States,"Santa Clara, CA",Santa Clara, CA,37.3541132,-121.9551744,12428,95051,1438915,0,116609,108998,74844,329.9800072
United States,"Santa Cruz, CA",Santa Cruz, CA,36.9741171,-122.0307963,8766,95062,1949108,3266640,80553,56067,64635,1481.962095
United States,"Santa Fe, NM",Santa Fe, NM,35.6869752,-105.937799,7518,87501,6093771,184256,46094,30749,44913,821.1025032
United States,"Santa Maria, CA",Santa Maria, CA,34.9530337,-120.4357191,12895,93455,488123,0,72668,300000,26981,16.33230215
United States,"Santa Monica, CA",Santa Monica, CA,34.0194543,-118.4911912,8807,90403,1941997,0,157088,156861,84443,87.75912313
United States,"Santa Rosa, CA",Santa Rosa, CA,38.4404674,-122.7144314,7567,95407,8793750,26109,28722,22157,21218,158.7961118
United States,"Sarasota, FL",Sarasota, FL,27.3364347,-82.5306527,10048,34234,3366918,479180,74695,55279,61377,392.9155957
United States,"Savannah, GA",Savannah, GA,32.0835407,-81.0998342,7493,31401,265330,0,72205,44633,76379,421.1959489
United States,"Schaumburg, IL",Schaumburg, IL,41.9891458,-88.1179527,11804,60193,49947601,292112,85654,74773,56698,13422.04604
United States,"Scottsdale, AZ",Scottsdale, AZ,33.4941704,-111.9260519,3486,85254,2606852,0,100189,92369,60149,201.2523766
United States,"Scranton, PA",Scranton, PA,41.408969,-75.6624122,7771,18508,12420088,0,56060,42196,46041,1735.632033
United States,"Seattle, WA",Seattle, WA,47.6038321,-122.3300624,3487,98125,1910585,1486352,38873,28154,29112,649.0427975
United States,"Sheboygan, WI",Sheboygan, WI,43.7508284,-87.71453,9020,53081,3720254,2230409,57607,52962,39500,985.2247447
United States,"Sheridan, WY",Sheridan, WY,44.7971939,-106.9561792,10008,82801,6195887,11045,59372,50657,44244,1384.43349
United States,"Silver Spring, MD",Silver Spring, MD,38.9906657,-77.026088,9151,20904,7108532,18365,89515,75920,47618,164.4845412
United States,"Sioux Falls, SD",Sioux Falls, SD,43.5499749,-96.700327,8331,57104,4661369,42451,40840,35482,24222,963.0782909
United States,"Smithtown, NY",Smithtown, NY,40.8559314,-73.2006687,9401,11787,2309536,18812,135045,300000,62378,211.9794404
United States,"Somerville, MA",Somerville, MA,42.3875968,-71.0994968,12505,2144,1200068,18928,63818,49990,42332,280.691142
United States,"South Bend, IN",South Bend, IN,41.6833813,-86.2500066,12442,46637,230187,0,78132,60289,65635,29.16516505
United States,"Spartanburg, SC",Spartanburg, SC,34.9498007,-81.9320157,11312,29303,1761213,0,30235,28524,19609,276.1582743
United States,"Spokane, WA",Spokane, WA,47.6587802,-117.4260466,3489,99205,2302538,0,65182,54422,49593,852.2345752
United States,"Spring Hill, FL",Spring Hill, FL,28.48150262,-82.5388064,9375,34610,10785232,1210289,61522,49981,41531,298.2536213
United States,"Springfield, IL",Springfield, IL,39.7817213,-89.6501481,8414,62704,1617942,0,114086,97482,74290,278.0818479
United States,"Springfield, MA",Springfield, MA,42.1014831,-72.589811,8343,1104,2565253,10195,48619,45415,38544,205.6212212
United States,"Springfield, MO",Springfield, MO,37.2089572,-93.2922989,7754,65806,997355,0,14316,9920,12283,304.9744
United States,"Spruce Pine, NC",Spruce Pine, NC,35.9147787,-82.066411,9806,28777,80378448,0,46884,35166,37736,271.393023
United States,"Stamford, CT",Stamford, CT,41.0534302,-73.5387341,7487,6905,97430571,37323740,103150,79751,79001,20675.24928
United States,"State College, PA",State College, PA,40.7933949,-77.8600012,7638,16803,383668,0,54085,50076,39192,54.09697409
United States,"Statesboro, GA",Statesboro, GA,32.4020805,-81.75694465,9775,30458,177678299,9146940,47941,38070,34687,663.9412008
United States,"Stockton, CA",Stockton, CA,37.9577016,-121.2907796,3490,95215,6693771,0,45384,38763,31249,2121.733625
United States,"Sugar Land, TX",Sugar Land, TX,29.6196787,-95.6349463,34731,77478,2802989,264229,89197,80183,58651,358.1714523
United States,"Sunnyvale, CA",Sunnyvale, CA,37.3688301,-122.0363496,10672,94089,1451019,0,91316,90728,63771,710.1243092
United States,"Surprise, AZ",Surprise, AZ,33.6305932,-112.3332129,10951,85374,28151296,8243,55736,44609,43301,9755.448109
United States,"Syracuse, NY",Syracuse, NY,43.0481221,-76.1474244,7720,13208,3219508,0,50803,44806,37789,1145.335579
United States,"Tacoma, WA",Tacoma, WA,47.2528768,-122.4442906,3491,98445,7866980,0,49974,40623,35466,2219.88665
United States,"Tallahassee, FL",Tallahassee, FL,30.4382559,-84.2807329,8022,32303,1985521,48394,53587,39098,47577,684.031484
United States,"Tampa, FL",Tampa, FL,27.9475216,-82.4584279,3492,33625,26321913,1699379,72435,62089,55424,4970.945012
United States,"Temecula, CA",Temecula, CA,33.4946353,-117.1473661,11519,92591,4983429,0,105931,300000,55236,181.4844957
United States,"Tempe, AZ",Tempe, AZ,33.4255104,-111.9400054,8449,85281,2589083,0,49214,30511,49539,368.3201323
United States,"Texarkana, TX",Texarkana, TX,33.425125,-94.0476882,12910,75503,75268759,1057429,53960,38408,51996,9133.893057
United States,"The Woodlands, TX",The Woodlands, TX,30.1734194,-95.504686,10808,77382,38136008,394078,122973,121972,66023,400.5332577
United States,"Thousand Oaks, CA",Thousand Oaks, CA,34.1705609,-118.8375937,7813,91362,1585397,0,120366,116686,66697,141.6892429
United States,"Toledo, OH",Toledo, OH,41.6639383,-83.555212,3493,43608,4363215,113207,34042,29178,23659,739.4390579
United States,"Toms River, NJ",Toms River, NJ,39.9537359,-74.1979576,34096,8753,5573058,6746283,88571,77012,60089,476.5686069
United States,"Topeka, KS",Topeka, KS,39.0558235,-95.6890185,7683,66606,1438909,38830,25050,16613,21922,188.7908608
United States,"Torrance, CA",Torrance, CA,33.8358492,-118.3406288,12225,90502,5868540,33313,79017,63800,58101,3661.269191
United States,"Traverse City, MI",Traverse City, MI,44.7606441,-85.6165301,11151,49684,1353956,23644,67699,300000,34653,83.92796577
United States,"Trenton, NJ",Trenton, NJ,40.2170575,-74.7429463,8989,8611,500236,0,47722,38302,36769,771.0397046
United States,"Tucson, AZ",Tucson, AZ,32.2217429,-110.926479,3494,85739,36546383,0,61934,50113,48909,1720.196113
United States,"Tulsa, OK",Tulsa, OK,36.1539816,-95.992775,3495,74131,9909856,102918,76468,52837,71928,427.613453
United States,"Tuscaloosa, AL",Tuscaloosa, AL,33.2098407,-87.5691735,9005,35406,159585773,26058465,55815,38843,54867,21342.43715
United States,"Tyler, TX",Tyler, TX,32.3304455,-95.30738097,10578,75707,6701289,30199,44292,31765,31727,155.6937689
United States,"Upland, CA",Upland, CA,34.09751,-117.6483876,10336,91784,6197121,415767,107195,92987,69393,429.9715341
United States,"Urbana, IL",Urbana, IL,40.1105875,-88.2072697,7590,61802,4768482,33766,26763,23067,16799,342.8274053
United States,"Valdosta, GA",Valdosta, GA,30.8327022,-83.2784851,11114,31601,528272,484,25098,21410,19569,464.1766856
United States,"Vallejo, CA",Vallejo, CA,38.1040864,-122.2566367,9373,94589,1312532,0,109285,300000,65821,269.3833287
United States,"Valparaiso, IN",Valparaiso, IN,41.4730948,-87.0611412,8957,46385,3256694,0,108934,300000,61089,263.4505525
United States,"Vancouver, WA",Vancouver, WA,45.6387281,-122.6614861,7793,98682,55563824,0,88946,79324,62403,712.2148083
United States,"Venice, FL",Venice, FL,27.0997775,-82.4542632,7722,34292,5801825,389222,65114,300000,47783,589.6110561
United States,"Ventura, CA",Ventura, CA,34.2746405,-119.2290053,8601,93004,6640907,3104,69184,300000,50205,409.8848196
United States,"Vero Beach, FL",Vero Beach, FL,27.6387163,-80.3975399,12028,32967,17815973,39491,78428,62021,61227,373.5695874
United States,"Victoria, TX",Victoria, TX,28.8297135,-96.97253692,10872,77902,4742244,0,65765,300000,30564,297.5890433
United States,"Virginia Beach, VA",Virginia Beach, VA,36.8529263,-75.977985,3496,23462,2303429,118653,64304,57119,41241,814.1007053
United States,"Waco, TX",Waco, TX,31.549333,-97.1466695,8201,76706,2179586,0,21474,18151,11561,89.33106667
United States,"Waldorf, MD",Waldorf, MD,38.6245628,-76.9391395,11225,20601,5301128,1042,98346,80610,61019,281.23766
United States,"Walnut Creek, CA",Walnut Creek, CA,37.9100783,-122.0651819,13813,94598,6750243,0,144189,148636,81549,623.9127416
United States,"Washington, DC",Washington, DC,38.9071923,-77.0368707,3497,20001,158364992,18633403,92477,71044,76702,129368.5993
United States,"Waterbury, CT",Waterbury, CT,41.5581525,-73.0514966,11350,6704,678694,0,24481,17432,22067,254.2522572
United States,"Waukesha, WI",Waukesha, WI,43.0116784,-88.2314813,9462,53186,3082172,99505,53271,41142,43689,1684.384616
United States,"Wausau, WI",Wausau, WI,44.9591352,-89.6301221,8781,54403,1755586,155134,40560,23006,62410,273.2600133
United States,"West Palm Beach, FL",West Palm Beach, FL,26.7153424,-80.0533746,8064,33417,1637128,0,64623,51882,54883,371.3815678
United States,"Wheeling, WV",Wheeling, WV,40.0639616,-80.7209149,7477,26003,9179825,2841,73579,64387,53170,522.8051174
United States,"White Plains, NY",White Plains, NY,41.0339862,-73.7629097,11988,10603,1106476,0,79263,73024,60542,344.5470773
United States,"Wichita, KS",Wichita, KS,37.6871761,-97.330053,3498,67203,1483243,82902,56322,51201,42786,373.8527818
United States,"Wichita Falls, TX",Wichita Falls, TX,33.9161075,-98.5067371,9855,76303,2545289,8416,64309,55433,43714,42.43116765
United States,"Williamsburg, VA",Williamsburg, VA,37.2707028,-76.7074502,8461,23188,6553714,0,51683,36660,41526,83.49671834
United States,"Wilmington, DE",Wilmington, DE,39.7459468,-75.546589,10187,19802,1775634,0,65256,300000,43340,198.9946731
United States,"Wilmington, NC",Wilmington, NC,34.2257255,-77.9447102,7759,28401,5131270,509027,32764,25597,28629,784.4989023
United States,"Winston-Salem, NC",Winston-Salem, NC,36.0998596,-80.244216,3499,27105,2166791,0,31835,24330,22179,297.1233918
United States,"Worcester, MA",Worcester, MA,42.2625932,-71.8022934,9519,1606,2691314,28340,43838,27435,46120,1757.655599
United States,"Yakima, WA",Yakima, WA,46.5967275,-120.5296561,10107,98901,6010779,0,57826,53290,35685,652.0308047
United States,"Yonkers, NY",Yonkers, NY,40.9312099,-73.8987469,3500,10705,262780,0,51963,28023,54742,604.592582
United States,"York, PA",York, PA,39.9625984,-76.727745,9125,17401,553063,0,26216,22099,21195,338.0510113
United States,"Youngstown, OH",Youngstown, OH,41.0997803,-80.6495194,9194,44505,15677092,94,49556,300000,27392,94.83045202
United States,"Saint Petersburg, FL",Saint Petersburg, FL,27.7708606,-82.6792661,3478,,,,,,,
United States,"Lexington Park, MD",Lexington Park, MD,38.2667917,-76.4538411,8134,,,,,,,
United States,"Saint Louis, MO",Saint Louis, MO,38.6272733,-90.1978889,3476,,,,,,,
United States,"Middletown, NJ",Middletown, NJ,40.6439873,-75.3324015,10769,,,,,,,
United States,"Parsippany-Troy Hills, NJ",Parsippany-Troy Hills, NJ,40.8578772,-74.4259866,8271,,,,,,,
United States,"Long Island, NY",Long Island, NY,40.8517821,-73.09918527,34013,,,,,,,
United States,"Queens, NY",Queens, NY,40.7498243,-73.7976337,10027,,,,,,,
