city_id,health_care_index,crime_index,restaurant_price_index,climate_index,pollution_index,quality_of_life_index,cpi_index,property_price_to_income_ratio,purchasing_power_incl_rent_index,traffic_index,median,mean,std_dev,sum_w
33474,63.888999999999996,14.706,86.21600000000001,79.242,41.034,78.45,35.496,2.498,50.492,194.671,119556.0,129557.0,72516.0,4846.853521999999
34013,70.139,28.529,90.719,75.318,16.379,78.45,35.496,2.661,50.492,168.114,,,,
34096,73.611,33.088,59.157,69.76899999999999,29.425,78.45,35.496,3.364,50.492,200.61700000000002,77012.0,88571.0,60089.0,476.5686069
34280,68.33800000000001,41.165,75.91199999999999,87.03299999999999,25.862,78.45,78.72399999999999,3.423,148.441,168.87099999999998,57712.0,66620.0,45885.0,839.9531552999999
34296,55.556000000000004,20.588,65.233,69.839,5.172000000000001,78.45,35.496,1.935,50.492,65.134,43994.0,52572.0,35035.0,576.9826458
34311,88.889,55.147,59.261,89.87,5.172000000000001,78.45,35.496,5.061,50.492,92.734,69857.0,84295.0,58732.0,399.47369610000004
34457,44.443999999999996,46.471000000000004,61.36600000000001,87.646,31.897,165.91099999999997,60.653,5.261,83.735,97.906,57997.0,67727.0,45618.0,144.62552780000001
34571,66.667,56.373000000000005,58.852,79.936,36.638000000000005,161.695,72.305,2.696,81.47,116.723,36522.0,38996.0,26791.0,328.52792999999997
34585,75.0,14.412,55.35,60.934,18.965999999999998,78.45,35.496,3.304,50.492,175.312,84020.0,94418.0,59877.0,30298.768369999998
34698,100.0,27.941,73.084,96.404,43.966,78.45,35.496,6.3839999999999995,50.492,239.49599999999998,43007.0,57071.0,50318.0,1165.270709
34731,77.778,9.939,49.038000000000004,75.175,1.724,78.45,57.468,0.9059999999999999,239.44,124.494,80183.0,89197.0,58651.0,358.1714523
34781,27.778000000000002,60.294,59.967,75.175,12.069,78.45,68.264,4.31,89.044,142.512,48846.0,63865.0,55716.0,782.7950672999999
35589,76.389,36.029,66.485,75.175,29.9,78.45,55.657,1.172,128.028,167.33,59202.0,68634.0,44211.0,528.3031273
3386,68.96,46.211000000000006,47.275,70.112,52.931000000000004,160.61,63.961000000000006,1.6269999999999998,100.28,129.382,42119.0,53652.0,39327.0,810.9768862999999
3387,66.555,70.005,63.861999999999995,67.062,25.125999999999998,166.222,64.767,3.1430000000000002,102.948,116.45,300000.0,16025.0,7037.0,71.0
3388,74.074,53.24100000000001,72.324,95.411,50.343,154.44899999999998,77.259,5.225,92.736,215.239,300000.0,105938.0,67176.0,126.1570034
3389,61.167,63.248999999999995,73.60300000000001,41.61,16.563,162.595,91.2,2.99,106.53,131.346,84804.0,77110.0,54957.0,37.79753595
3390,82.027,21.218000000000004,74.77600000000001,81.616,17.949,199.938,88.171,6.3839999999999995,121.605,177.863,113550.0,122415.0,64355.0,883.5751916000002
3391,67.34100000000001,62.301,63.236000000000004,89.729,44.848,162.934,75.971,3.641,123.665,204.533,70197.0,94627.0,77357.0,10451.717129999999
3393,70.686,35.874,64.156,82.083,36.367,187.50799999999998,62.218999999999994,3.803,127.851,160.70600000000002,118410.0,122203.0,82938.0,699.6598034
3395,55.833,58.233999999999995,63.687,77.627,79.436,137.64,76.957,3.66,106.81200000000001,101.906,56986.0,71025.0,57439.0,62475.41281
3396,76.571,74.73,71.757,81.238,50.376000000000005,152.563,72.547,2.524,102.87899999999999,122.32600000000001,63290.0,75318.0,50914.0,2639.464674
3397,68.26899999999999,66.609,68.186,86.436,43.089,150.055,65.469,4.257,85.601,164.98,39487.0,56178.0,54542.0,57977.17479
3398,72.97,61.478,67.227,88.16,33.482,165.59799999999998,75.375,2.717,82.824,116.102,74570.0,92018.0,65160.0,1035.308758
3399,82.28,36.792,65.472,65.108,29.158,182.37900000000002,62.448,5.705,96.10700000000001,107.78,47698.0,68382.0,62985.0,1491.107229
3400,75.116,35.298,88.991,71.72800000000001,26.826999999999998,168.206,87.882,8.288,98.91799999999999,213.076,25568.0,48874.0,59523.0,306.81118599999996
3402,76.845,44.993,63.137,66.432,25.017,180.737,72.777,2.01,93.509,109.302,50685.0,59820.0,41523.0,1158.022235
3403,73.884,44.187,69.612,84.046,28.439,186.226,71.848,3.0060000000000002,118.735,167.24099999999999,32508.0,40531.0,38083.0,535.6090115000001
3405,66.413,64.874,74.918,66.11,43.494,147.006,79.796,3.983,107.088,191.199,48321.0,67450.0,62043.0,612241.923
3406,68.77199999999999,49.138999999999996,58.441,73.245,43.821000000000005,170.86599999999999,63.026,2.494,109.92299999999999,120.348,105537.0,119823.0,73356.0,368.9746417
3407,82.941,64.666,67.111,73.10600000000001,36.638000000000005,155.727,75.257,1.879,78.03699999999999,153.494,87111.0,106130.0,79818.0,268.8812957
3408,62.047,37.821,67.205,51.443000000000005,30.888,169.583,73.094,3.87,101.963,119.257,105184.0,113743.0,69854.0,819.9320494
3409,74.191,43.431999999999995,67.312,71.289,25.316999999999997,191.29,72.33,2.416,122.186,120.211,74612.0,84971.0,53545.0,1539.212031
3410,45.64,49.232,56.559,81.32600000000001,47.277,166.03,57.928000000000004,3.9789999999999996,114.928,101.641,38205.0,55275.0,54020.0,230.7551897
3411,65.613,49.714,61.886,81.852,41.917,181.97099999999998,63.615,2.292,143.761,167.363,300000.0,202910.0,64055.0,42.86078324
3412,68.916,43.152,73.679,56.278,43.058,162.718,72.97399999999999,4.376,116.565,172.94799999999998,109574.0,117162.0,68528.0,345.30850150000003
3413,80.205,40.536,58.89,61.88399999999999,28.973000000000003,186.46200000000002,67.03699999999999,2.8680000000000003,107.92299999999999,105.95200000000001,300000.0,120279.0,33710.0,10.7321315
3414,61.074,73.279,65.31,66.025,58.481,119.152,69.22,1.516,73.304,227.37900000000002,25417.0,36811.0,37336.0,192791.0236
3415,73.742,58.123000000000005,64.77,84.069,30.375,78.45,35.496,2.7889999999999997,50.492,110.37799999999999,25893.0,40798.0,35915.0,348.1491872
3416,68.88600000000001,32.036,42.229,72.05199999999999,46.36,179.885,55.015,2.365,116.51100000000001,130.93,25472.0,45265.0,44475.0,441.434096
3417,77.778,44.44,57.744,65.31,38.812,166.015,65.321,4.052,90.78200000000001,129.94,42253.0,44842.0,28344.0,1172.249731
3418,63.273999999999994,44.044,66.745,81.564,60.038999999999994,164.919,67.509,2.975,116.979,119.837,85973.0,98879.0,65342.0,251.58398590000002
3419,84.63,38.422,82.575,97.84899999999999,27.561999999999998,193.26,80.875,9.259,120.24799999999999,150.958,300000.0,125931.0,73003.0,533.7271059
3420,79.411,61.416000000000004,62.238,78.273,81.425,144.881,66.328,2.975,107.06299999999999,111.735,18417.0,33535.0,34551.0,126.39787369999999
3421,51.388999999999996,38.891999999999996,61.504,85.296,31.034000000000002,159.444,74.171,2.504,101.28299999999999,329.781,62805.0,72784.0,50172.0,1307.4989269999999
3422,75.0,18.207,66.952,95.50399999999999,33.649,186.671,78.774,8.557,73.27,81.971,300000.0,99322.0,55854.0,103.26109090000001
3423,86.779,39.369,59.20399999999999,62.324,25.403000000000002,78.45,35.496,2.767,50.492,124.98200000000001,49858.0,54368.0,36026.0,348.34585269999997
3424,58.46,40.357,64.774,82.788,27.996,78.45,35.496,2.372,50.492,104.92299999999999,21342.0,27719.0,19970.0,371.95468839999995
3425,44.443999999999996,62.794,83.486,77.777,27.586,78.45,35.496,3.157,50.492,268.905,114157.0,131519.0,78333.0,183.3828567
3427,72.419,43.915,81.492,95.33,36.664,155.601,95.39200000000001,8.747,75.347,202.12400000000002,113392.0,123833.0,74328.0,5359.186903
3428,71.67,63.894,65.613,85.53399999999999,56.076,162.097,64.842,2.218,134.415,205.00599999999997,300000.0,169670.0,84592.0,277.3097744
3429,75.529,53.466,56.839,77.688,27.443,159.07,68.405,7.775,50.515,88.399,20282.0,25646.0,20922.0,882.52155
3430,74.60300000000001,37.259,89.667,96.81700000000001,32.728,78.45,35.496,5.779,50.492,86.741,83908.0,98804.0,69678.0,31761.5595
3431,73.014,57.56399999999999,60.658,69.919,41.781000000000006,171.71900000000002,64.9,2.117,122.46,134.268,57622.0,69027.0,44140.0,296.4194716
3432,80.556,31.723000000000003,54.994,81.367,38.793,78.45,35.496,2.549,50.492,71.64699999999999,0.0,0.0,0.0,0.0
3434,71.296,77.104,62.855,86.905,27.36,154.114,77.067,3.6830000000000003,73.986,128.918,54047.0,74570.0,61112.0,287.4813744
3435,69.477,57.433,64.373,87.81,38.582,169.498,68.608,2.951,110.745,171.30200000000002,20336.0,22488.0,22050.0,189.6844379
3436,45.138999999999996,46.75,68.452,79.778,50.718,146.97,82.42399999999999,7.31,114.584,167.517,20114.0,33099.0,32048.0,386.17670089999996
3437,79.398,58.707,66.632,75.081,32.027,178.822,68.045,2.2769999999999997,112.411,126.139,78531.0,97371.0,69938.0,681.9808372
3438,55.805,55.571999999999996,73.475,57.405,53.028999999999996,148.16,68.17699999999999,3.1660000000000004,108.766,127.742,44734.0,47974.0,33006.0,505.37790650000005
3439,75.42399999999999,31.258000000000003,64.786,56.711000000000006,21.149,194.64,66.77199999999999,3.404,103.71700000000001,73.834,39811.0,37359.0,26212.0,343.74317560000003
3440,69.017,58.497,66.723,83.81700000000001,17.198,194.22299999999998,62.263000000000005,2.281,120.79799999999999,102.569,30565.0,37068.0,32671.0,325.98855539999994
3441,79.282,56.181999999999995,66.488,96.09200000000001,43.582,164.46,72.627,8.086,104.90299999999999,178.032,94556.0,92074.0,45388.0,68.69358391
3442,61.335,48.408,87.45700000000001,95.50399999999999,66.256,129.951,81.178,7.621,95.025,340.925,26090.0,39928.0,41109.0,7649.3021579999995
3443,61.325,52.79600000000001,74.17699999999999,78.613,42.523999999999994,170.947,66.344,2.541,112.931,110.01700000000001,147439.0,150119.0,76366.0,12.73220108
3444,77.53,49.268,51.972,73.249,33.17,187.287,48.324,1.9380000000000002,114.848,88.26299999999999,44459.0,58705.0,52375.0,57937.30056
3445,78.89399999999999,33.3,64.054,51.636,18.98,191.75,67.976,3.603,111.20200000000001,109.905,130473.0,139215.0,80453.0,201.8173615
3446,43.181999999999995,74.503,65.441,84.421,46.611999999999995,146.452,62.038999999999994,1.431,96.62,117.353,66987.0,85388.0,70532.0,1524.277289
3447,65.807,43.513000000000005,66.501,61.763000000000005,42.672,78.45,35.496,6.2860000000000005,50.492,173.275,68778.0,79505.0,48156.0,1126.104486
3448,62.938,53.148,74.743,85.685,39.41,146.915,78.265,5.678,77.749,213.86700000000002,48065.0,61400.0,52115.0,4600.010823
3449,65.72800000000001,68.54899999999999,65.357,60.961000000000006,29.545,147.808,79.778,3.2889999999999997,76.756,131.016,29764.0,51244.0,64069.0,467.44318110000006
3450,78.447,52.423,75.672,49.464,26.523000000000003,168.333,80.847,3.697,111.054,166.965,49135.0,70497.0,58578.0,180.5259427
3451,53.968,66.571,63.122,87.535,33.764,158.196,70.984,1.8159999999999998,91.75399999999999,138.238,38231.0,53330.0,50855.0,51243.648369999995
3452,70.694,63.912,92.199,86.34299999999999,56.897,145.34799999999998,77.85,10.259,94.479,117.042,300000.0,70989.0,51662.0,358.3208531
3453,37.963,63.102,51.995,87.77600000000001,41.477,78.45,35.496,3.82,50.492,108.23200000000001,33114.0,32307.0,22159.0,219.15857430000003
3454,62.698,64.562,74.90899999999999,86.50399999999999,49.788999999999994,144.986,74.471,5.455,83.557,123.595,15203.0,21474.0,32578.0,187.4204966
3455,61.637,46.925,100.0,79.661,57.577,137.904,100.0,9.892999999999999,100.0,163.90900000000002,68128.0,76190.0,48883.0,199.4864111
3456,59.413999999999994,70.631,64.612,76.024,67.42,108.23299999999999,75.429,4.398,64.26,255.14700000000002,46850.0,52044.0,38310.0,510.2094489
3457,66.667,56.869,60.99,87.117,21.552,78.45,35.496,3.688,50.492,117.205,46300.0,53073.0,31759.0,638.779073
3459,78.905,63.816,73.148,96.404,35.394,159.03799999999998,88.60799999999999,7.972,91.307,164.985,63541.0,69451.0,51804.0,745.93188
3460,77.033,49.464,51.601000000000006,77.61399999999999,20.894000000000002,190.96,62.849,2.6460000000000004,110.17200000000001,113.60600000000001,300000.0,98020.0,58105.0,259.5158865
3461,75.861,45.417,60.268,59.79,29.7,180.898,69.97399999999999,2.577,106.00399999999999,100.05799999999999,46228.0,42739.0,25464.0,281.253199
3462,62.496,51.928999999999995,68.949,87.23200000000001,35.577,162.65,68.635,3.387,92.36399999999999,179.489,36551.0,43567.0,32820.0,3445.8564079999996
3465,69.382,61.472,67.294,77.979,52.148,140.664,77.73100000000001,4.4239999999999995,85.536,179.40599999999998,61310.0,73396.0,52262.0,548.6718556
3466,66.579,52.096000000000004,64.257,53.75899999999999,56.507,151.517,66.15,3.372,116.52,147.549,51503.0,68506.0,56207.0,154.42652019999997
3467,74.84100000000001,37.768,61.981,72.132,45.298,165.15,78.308,2.7460000000000004,99.648,175.265,49013.0,58114.0,45247.0,5298.460061
3468,75.46300000000001,26.156999999999996,55.657,86.255,31.773000000000003,78.45,35.496,2.316,50.492,177.826,105287.0,107103.0,61598.0,423.9937174
3469,73.84100000000001,49.178000000000004,69.267,89.557,31.198,174.657,77.546,4.41,98.4,147.591,29242.0,33175.0,22129.0,726.4107802
3470,75.601,34.452,69.064,83.876,22.613000000000003,198.765,70.402,3.18,123.056,149.21200000000002,39112.0,60281.0,61879.0,839.16663
3471,62.235,45.604,65.624,62.281000000000006,32.357,174.739,66.654,3.5839999999999996,115.647,123.02,93615.0,110894.0,72462.0,201.4203023
3472,73.863,45.016999999999996,71.217,81.27,31.627,183.852,67.652,3.8110000000000004,105.916,105.57700000000001,40384.0,57579.0,56721.0,56861.71987000001
3473,59.568000000000005,39.32,68.558,86.62700000000001,55.144,142.09,70.642,7.004,94.51700000000001,292.363,300000.0,56215.0,34129.0,202.0599553
3474,70.61399999999999,61.63399999999999,68.796,63.886,44.426,158.969,70.643,1.6480000000000001,98.964,111.675,16093.0,28515.0,30557.0,176.1924124
3475,69.502,49.059,66.979,90.64299999999999,44.711999999999996,167.07,75.869,5.797999999999999,100.682,124.038,49743.0,64615.0,55451.0,106035.13699999999
3476,81.384,70.34,59.22,74.755,37.999,172.345,67.48100000000001,1.886,118.976,126.79700000000001,,,,
3477,79.127,52.158,72.562,49.146,16.846,177.543,78.742,3.4989999999999997,98.93799999999999,102.18700000000001,19592.0,34790.0,44806.0,692.8002421
3478,72.273,43.028999999999996,61.31399999999999,87.846,18.939,190.03400000000002,71.119,4.876,100.13600000000001,118.47200000000001,,,,
3479,71.377,32.363,60.224,66.51899999999999,63.044,161.338,63.166000000000004,7.039,124.713,158.731,85573.0,108170.0,75605.0,184.1206795
3480,72.056,48.193000000000005,68.44800000000001,80.58,44.964,168.812,63.896,2.569,103.271,135.64600000000002,82298.0,102646.0,71145.0,580.4999088
3482,70.154,36.51,77.354,97.07799999999999,34.835,184.02,79.375,5.171,112.71600000000001,156.22899999999998,122111.0,120050.0,86339.0,216.92092599999998
3483,65.166,56.294,91.098,97.258,47.54,155.724,93.85600000000001,7.903,125.04299999999999,256.582,82929.0,98645.0,77710.0,435.0801444
3484,73.23100000000001,46.526,77.265,95.52600000000001,46.006,177.983,78.125,6.377999999999999,135.064,182.71900000000002,300000.0,72253.0,52352.0,157.52793390000002
3485,54.443999999999996,47.193000000000005,67.649,96.786,50.0,153.346,78.671,5.377999999999999,98.70100000000001,194.173,113437.0,121173.0,80521.0,293.30487769999996
3486,72.917,24.129,78.745,53.691,31.165,78.45,35.496,5.558,50.492,120.03200000000001,92369.0,100189.0,60149.0,201.2523766
3487,73.491,49.108999999999995,85.46700000000001,91.73200000000001,28.631999999999998,180.63099999999997,88.01299999999999,5.101,122.473,189.293,28154.0,38873.0,29112.0,649.0427975
3489,63.655,54.473,70.908,67.115,19.746,168.03400000000002,72.703,5.475,88.02600000000001,114.26100000000001,54422.0,65182.0,49593.0,852.2345752
3490,62.731,77.721,79.529,85.84299999999999,67.205,128.616,76.696,4.713,92.211,147.482,38763.0,45384.0,31249.0,2121.733625
3491,73.187,51.333999999999996,69.306,90.87700000000001,31.859,161.735,77.40899999999999,7.337999999999999,91.3,221.15400000000002,40623.0,49974.0,35466.0,2219.88665
3492,68.638,49.23,68.406,84.666,29.941999999999997,173.192,78.577,3.353,103.04899999999999,173.187,62089.0,72435.0,55424.0,4970.945012
3493,54.63,61.153999999999996,60.985,68.781,44.349,140.017,64.628,1.615,90.728,222.296,29178.0,34042.0,23659.0,739.4390579
3494,59.04600000000001,50.522,62.015,72.66,26.153000000000002,168.292,66.428,3.1489999999999996,93.906,130.929,50113.0,61934.0,48909.0,1720.196113
3495,67.791,51.346000000000004,54.798,79.301,29.355999999999998,183.817,62.416000000000004,2.278,110.355,107.037,52837.0,76468.0,71928.0,427.61345300000005
3496,69.775,42.22,74.518,87.194,21.826999999999998,78.45,35.496,5.71,50.492,112.397,57119.0,64304.0,41241.0,814.1007053
3497,70.627,57.668,79.943,81.616,39.184,161.293,83.45299999999999,5.003,111.31200000000001,189.935,71044.0,92477.0,76702.0,129368.5993
3498,62.698,50.743,57.797,70.473,23.47,179.843,60.364,2.315,104.10600000000001,103.829,51201.0,56322.0,42786.0,373.8527818
3499,87.963,26.555,64.587,83.89,6.791,216.25099999999998,63.028999999999996,2.144,98.383,106.804,24330.0,31835.0,22179.0,297.1233918
3500,89.815,30.105999999999998,79.693,75.493,27.586,78.45,35.496,9.005,50.492,93.26700000000001,28023.0,51963.0,54742.0,604.592582
7420,68.9,43.518,58.641999999999996,83.99600000000001,49.603,167.79,65.922,3.074,96.961,120.569,0.0,0.0,0.0,0.0
7450,70.926,35.52,85.99799999999999,55.47,7.931,194.705,94.97200000000001,2.775,114.162,121.236,27493.0,36283.0,34877.0,402.17301810000004
7487,86.667,25.735,82.07700000000001,71.688,53.448,78.45,35.496,2.87,50.492,138.14700000000002,79751.0,103150.0,79001.0,20675.24928
7493,55.952,59.726000000000006,55.729,87.179,41.31100000000001,156.861,64.764,3.793,86.98299999999999,114.19,44633.0,72205.0,76379.0,421.1959489
7518,64.676,42.227,75.382,57.181000000000004,25.023000000000003,167.951,76.602,5.072,89.21,122.4,30749.0,46094.0,44913.0,821.1025032000001
7536,83.796,67.17,40.746,74.52,28.994,78.45,35.496,0.87,50.492,109.367,41650.0,53052.0,46205.0,1084.481459
7557,65.079,38.361999999999995,56.714,74.798,26.868000000000002,78.45,35.496,1.364,50.492,128.191,300000.0,57759.0,20656.0,6.599703976
7567,78.749,33.861,89.395,91.20700000000001,30.999000000000002,78.45,35.496,5.138999999999999,50.492,167.30900000000003,22157.0,28722.0,21218.0,158.7961118
7572,69.92399999999999,23.574,76.541,85.235,24.535999999999998,78.45,35.496,13.209000000000001,50.492,113.514,76077.0,113840.0,87319.0,367.3123298
7574,66.204,59.052,58.803999999999995,68.097,21.006,78.45,35.496,2.27,50.492,88.98899999999999,37276.0,44436.0,36684.0,1294.6260849999999
7580,73.611,41.667,65.994,79.98,9.195,78.45,35.496,2.635,50.492,134.058,107853.0,122817.0,68085.0,223.81544900000003
7585,74.048,54.596000000000004,61.276,60.885,49.425,78.45,35.496,2.803,50.492,80.44,69168.0,78956.0,54557.0,539.0363708
7589,66.48100000000001,62.408,80.607,68.617,46.798,135.126,82.12799999999999,2.35,65.732,169.74400000000003,63583.0,68135.0,45047.0,110.49195520000002
7590,75.0,30.221,69.255,65.506,14.655,78.45,35.496,3.122,50.492,88.47,23067.0,26763.0,16799.0,342.8274053
7593,71.944,41.559,52.611000000000004,49.417,15.632,183.5,67.957,1.901,103.70299999999999,127.86399999999999,95051.0,103427.0,51121.0,696.3300243
7605,57.986000000000004,38.983000000000004,57.221000000000004,69.333,24.41,78.45,35.496,2.38,50.492,133.511,49039.0,68731.0,58600.0,215.88853569999998
7608,72.09100000000001,51.605,57.379,86.804,43.131,170.518,61.803999999999995,2.365,95.941,123.405,48173.0,49442.0,29603.0,345.51807189999994
7633,81.944,25.590999999999998,60.148999999999994,56.763999999999996,30.171999999999997,183.08599999999998,71.155,3.2769999999999997,84.22399999999999,62.733000000000004,42441.0,61088.0,59021.0,17955.198119999997
7638,86.111,21.618000000000002,69.657,66.535,6.322,78.45,35.496,2.627,50.492,84.88799999999999,50076.0,54085.0,39192.0,54.09697409
7642,53.24100000000001,49.79,60.256,65.074,42.878,78.45,35.496,1.889,50.492,65.387,49290.0,59757.0,48744.0,281.6539673
7644,68.917,38.604,71.87,80.631,24.05,180.53099999999998,76.74,4.834,94.51100000000001,135.559,32415.0,43098.0,34617.0,436.9221732
7655,54.861000000000004,50.67,67.561,95.62299999999999,21.11,78.45,35.496,32.861999999999995,50.492,128.245,38489.0,54390.0,50629.0,280.41792680000003
7683,56.111000000000004,55.963,47.608999999999995,67.10600000000001,41.092,162.55100000000002,66.874,1.946,95.619,80.02199999999999,16613.0,25050.0,21922.0,188.7908608
7696,91.071,42.986000000000004,77.78399999999999,72.193,38.013000000000005,78.45,35.496,1.534,50.492,129.787,300000.0,73250.0,36009.0,68.19664773
7700,68.666,50.196000000000005,77.931,60.223,23.534000000000002,178.602,71.709,1.875,107.406,120.116,27906.0,46221.0,47071.0,1511.026247
7711,71.296,63.655,58.897,71.058,22.316,78.45,35.496,3.66,50.492,90.9,29833.0,35399.0,33102.0,643.9778507999999
7720,58.056000000000004,60.946000000000005,63.957,59.975,42.835,145.683,74.884,1.5519999999999998,72.39,89.895,44806.0,50803.0,37789.0,1145.3355789999998
7721,59.645,38.356,68.82600000000001,79.467,18.724,188.865,69.312,3.0439999999999996,88.095,70.71600000000001,300000.0,47912.0,26200.0,9.999599972999999
7722,50.0,12.794,74.931,88.21600000000001,20.115,78.45,35.496,10.217,50.492,73.539,300000.0,65114.0,47783.0,589.6110561
7724,73.843,37.428000000000004,67.618,87.685,12.089,203.89700000000002,75.641,2.249,109.296,119.699,42074.0,63183.0,62064.0,16778.271819999998
7738,71.368,46.775,59.128,85.178,49.727,78.45,35.496,3.239,50.492,116.397,18545.0,20533.0,9575.0,230.3322667
7754,65.21600000000001,57.193000000000005,55.32899999999999,75.547,26.160999999999998,166.93900000000002,60.118,2.745,96.163,157.576,9920.0,14316.0,12283.0,304.9744
7759,67.874,42.148,64.214,87.916,16.188,191.907,70.62100000000001,2.725,95.47,106.86,25597.0,32764.0,28629.0,784.4989022999999
7762,63.888999999999996,37.5,58.44,57.122,27.586,78.45,35.496,2.5180000000000002,50.492,111.271,37353.0,45443.0,32701.0,1689.202262
7771,37.5,44.265,80.96,66.94,20.92,146.711,78.45,14.927999999999999,66.873,89.40700000000001,42196.0,56060.0,46041.0,1735.6320329999999
7793,94.444,34.512,64.812,87.63,29.733,197.997,69.396,4.208,112.899,141.477,79324.0,88946.0,62403.0,712.2148083
7801,75.0,68.824,69.842,83.72399999999999,41.724,78.45,35.496,0.961,50.492,296.298,33673.0,49987.0,39443.0,383.37877119999996
7813,11.110999999999999,16.37,77.925,95.23,7.854,78.45,35.496,5.359,50.492,105.726,116686.0,120366.0,66697.0,141.6892429
7819,39.815,48.203,61.318000000000005,80.498,48.276,78.45,35.496,2.83,50.492,103.01799999999999,35052.0,47429.0,45535.0,16307.82945
7822,73.611,40.754,56.82899999999999,86.641,13.554,203.62099999999998,64.363,2.138,112.274,117.632,33659.0,47407.0,47264.0,349.989237
7827,77.778,65.756,59.511,77.075,42.31,78.45,35.496,2.938,50.492,136.398,31295.0,54704.0,54483.0,182.8266163
7859,77.778,21.846999999999998,62.038999999999994,56.79600000000001,25.851999999999997,193.75599999999997,73.438,3.011,112.21,115.889,58461.0,77541.0,66223.0,644.6289568
7892,70.833,43.67100000000001,62.498000000000005,88.835,18.965999999999998,78.45,35.496,7.609,50.492,105.071,55748.0,62892.0,49516.0,84.79524
7904,91.204,38.725,67.013,87.792,18.582,78.45,35.496,3.792,50.492,116.91,33207.0,42316.0,38192.0,1234.832025
7907,68.756,18.333,88.73899999999999,95.579,32.981,192.82,102.191,11.708,105.098,62.808,300000.0,66348.0,83177.0,240.8645932
7928,75.0,72.861,60.532,88.426,29.052,182.632,57.1,1.546,108.921,84.919,41908.0,55824.0,50381.0,47187.060410000006
7936,81.34899999999999,43.924,79.092,63.263999999999996,37.258,78.45,35.496,2.521,50.492,97.88,66932.0,77910.0,59384.0,465.0944569
7940,77.431,25.163,61.911,87.041,16.660999999999998,217.43099999999998,69.433,1.9580000000000002,141.964,160.61700000000002,44615.0,63423.0,56852.0,14637.526130000002
7944,64.722,72.781,73.758,72.515,68.678,78.45,35.496,2.287,50.492,89.654,19675.0,32304.0,33323.0,893.1482950999999
7945,82.71600000000001,32.699,62.683,75.83,20.69,78.45,35.496,3.134,50.492,144.942,300000.0,114854.0,81342.0,158.9605571
7951,43.519,31.413,63.321999999999996,62.766999999999996,43.391000000000005,78.45,35.496,2.984,50.492,96.059,39302.0,59075.0,54506.0,946.9654284
7971,75.0,25.033,73.628,73.83800000000001,17.991,179.334,92.82,5.151,81.66,148.873,121794.0,137131.0,85977.0,811.0743282999999
7973,75.132,51.2,65.9,73.374,25.516,176.19,72.242,2.379,92.544,123.917,39396.0,51318.0,50941.0,443.85617740000004
7982,50.0,71.709,56.985,86.181,60.25899999999999,78.45,35.496,2.679,50.492,135.366,86924.0,101029.0,64995.0,812.6430071000001
7994,58.79600000000001,35.032,57.736000000000004,45.878,10.345,197.908,59.898999999999994,1.715,118.45,70.192,59580.0,78701.0,65442.0,469.9480035
7998,73.53399999999999,28.441,67.574,83.43799999999999,16.01,207.233,71.513,3.11,111.795,98.999,54810.0,57181.0,47439.0,1323.0988960000002
8010,100.0,54.657,54.422,76.938,13.793,78.45,35.496,16.262999999999998,50.492,71.616,35850.0,41980.0,25425.0,339.1283163
8011,59.722,46.875,58.323,84.40100000000001,56.178000000000004,78.45,35.496,8.84,50.492,117.262,20754.0,32948.0,34838.0,988.1898632000001
8014,68.889,49.346000000000004,53.699,77.322,20.287,193.333,59.586000000000006,2.269,120.27799999999999,114.15100000000001,22746.0,32574.0,29219.0,326.3257798
8019,69.444,61.765,63.63,84.855,33.247,172.19,75.175,4.042,103.085,109.595,73616.0,84979.0,59231.0,1360.616595
8022,68.98100000000001,58.681000000000004,63.226000000000006,85.68799999999999,21.061999999999998,78.45,35.496,3.048,50.492,111.46,39098.0,53587.0,47577.0,684.031484
8025,67.918,51.254,75.172,84.25299999999999,30.999000000000002,170.09900000000002,80.613,4.578,96.552,141.14600000000002,22946.0,26881.0,21957.0,276.61864860000003
8029,63.946999999999996,47.776,73.26,83.01799999999999,35.714,170.233,71.468,3.06,110.81299999999999,186.102,54579.0,62867.0,44883.0,231.6572739
8064,67.176,53.907,76.551,88.039,40.953,78.45,35.496,7.124,50.492,141.179,51882.0,64623.0,54883.0,371.3815678
8105,86.111,50.49,53.961999999999996,58.473,27.326999999999998,78.45,35.496,2.121,50.492,98.227,46716.0,58034.0,46281.0,25866.975459999998
8108,64.815,14.265,50.629,84.85,9.655,189.81799999999998,55.411,6.369,90.21799999999999,264.471,15472.0,20630.0,17655.0,592.9683309999999
8115,50.0,64.706,66.484,78.416,27.586,78.45,35.496,2.778,50.492,114.037,70341.0,89312.0,66429.0,152.858768
8134,48.611000000000004,50.0,50.841,82.22200000000001,13.793,78.45,35.496,2.234,50.492,120.508,,,,
8144,66.667,65.572,66.78399999999999,68.124,68.021,78.45,35.496,3.595,50.492,244.639,62035.0,76484.0,54730.0,446.01243150000005
8153,80.556,30.0,84.152,73.705,15.374,205.687,87.412,5.066,111.54799999999999,82.958,147428.0,137526.0,68621.0,107.82049280000001
8181,57.077,25.343000000000004,61.18899999999999,90.708,24.828000000000003,78.45,35.496,1.916,50.492,197.74400000000003,27565.0,54589.0,63441.0,733.3812464
8198,70.833,32.143,60.922,70.829,35.115,165.28,85.03299999999999,4.061,59.708,96.223,300000.0,65041.0,45050.0,129.3958804
8201,84.259,40.707,51.371,78.582,34.339,78.45,35.496,2.615,50.492,106.73200000000001,18151.0,21474.0,11561.0,89.33106667
8216,68.056,39.216,59.506,79.078,21.552,78.45,35.496,5.235,50.492,189.923,76698.0,89947.0,57941.0,564.4357622
8271,58.333,29.963,68.562,67.87,1.379,78.45,35.496,3.1210000000000004,50.492,77.374,,,,
8294,69.444,64.461,69.031,83.07799999999999,10.345,78.45,35.496,5.537999999999999,50.492,112.839,66172.0,67621.0,46242.0,1220.5675119999999
8301,75.0,42.82899999999999,69.928,46.479,12.759,78.45,35.496,5.685,50.492,133.907,74162.0,79530.0,52493.0,797.7491072
8331,66.617,42.843,61.486000000000004,45.54600000000001,13.065,78.45,35.496,1.943,50.492,99.215,35482.0,40840.0,24222.0,963.0782909
8343,58.333,74.946,63.647,57.596000000000004,25.862,78.45,35.496,2.895,50.492,91.95299999999999,45415.0,48619.0,38544.0,205.62122119999998
8358,68.33800000000001,52.778,64.464,58.021,7.7589999999999995,78.45,85.447,2.508,93.725,98.685,57713.0,61404.0,35324.0,137.5926236
8366,78.648,20.107,78.081,96.81700000000001,35.662,206.49400000000003,78.34100000000001,4.6,125.41,110.016,66137.0,68649.0,55052.0,298.54803219999997
8396,68.333,31.548000000000002,74.449,82.479,30.076999999999998,186.896,61.604,3.3939999999999997,85.984,75.718,24713.0,38844.0,40567.0,574.4462219999999
8400,73.148,40.074,62.538000000000004,57.258,33.793,78.45,35.496,4.742,50.492,234.364,69559.0,77668.0,48740.0,544.832063
8405,88.194,43.583,59.668,77.442,33.046,78.45,35.496,2.708,50.492,124.331,47063.0,60239.0,44079.0,2253.85552
8406,64.444,49.559,68.062,69.76899999999999,40.042,153.563,77.53399999999999,4.096,82.964,143.161,79847.0,93088.0,64028.0,778.5387232999999
8414,46.481,36.082,59.611000000000004,68.382,29.956999999999997,78.45,35.496,1.49,50.492,98.579,97482.0,114086.0,74290.0,278.08184789999996
8430,73.611,44.71,53.402,75.175,13.448,78.45,48.905,1.5830000000000002,76.47399999999999,66.959,27535.0,33544.0,26756.0,649.3450912999999
8438,75.617,54.343,58.317,86.111,33.458,174.792,64.268,2.536,90.882,121.38600000000001,36640.0,47415.0,42060.0,3863.264218
8448,51.821000000000005,32.498000000000005,62.483000000000004,86.397,13.607999999999999,178.3,75.389,11.75,82.11399999999999,86.85,75858.0,82398.0,51702.0,1188.246377
8449,66.667,45.556000000000004,55.012,53.273999999999994,37.637,78.45,35.496,3.07,50.492,122.758,30511.0,49214.0,49539.0,368.3201323
8539,75.296,38.046,73.211,89.93799999999999,34.523,178.043,79.366,4.923,96.307,146.194,78926.0,97644.0,84585.0,170.0842474
8543,78.673,26.39,60.437,53.498999999999995,21.089000000000002,78.45,35.496,7.651,50.492,111.042,77786.0,81259.0,54912.0,223.48737369999998
8579,58.333,50.49,65.146,87.95700000000001,47.397,78.45,35.496,1.025,50.492,79.388,50839.0,72797.0,62618.0,949.0941357999999
8601,76.852,33.567,68.884,95.486,24.483,188.002,75.36399999999999,6.706,103.82700000000001,184.447,300000.0,69184.0,50205.0,409.88481960000007
8633,83.333,55.882,59.288000000000004,80.48,25.287,78.45,35.496,10.22,50.492,97.03399999999999,41664.0,55005.0,46922.0,19771.17375
8651,80.556,51.471000000000004,64.692,80.868,8.621,78.45,35.496,1.61,50.492,105.07,43440.0,58396.0,48067.0,1044.73085
8684,83.434,21.4,70.243,77.11399999999999,20.8,78.45,35.496,4.096,50.492,213.05900000000003,128472.0,134758.0,68327.0,228.97836740000002
8722,56.019,33.839,71.001,58.221000000000004,26.215,170.2,79.181,4.43,89.38799999999999,109.896,59160.0,78255.0,57669.0,131.3951754
8751,88.889,44.251000000000005,64.186,49.003,46.743,169.465,63.196000000000005,2.818,109.37799999999999,132.218,42342.0,66392.0,61020.0,269.91590539999993
8754,72.222,22.794,56.681000000000004,25.329,27.586,78.45,35.496,2.117,50.492,82.226,46144.0,61129.0,55410.0,14390.34196
8766,86.31,41.448,73.13600000000001,95.436,23.605999999999998,78.45,35.496,7.771,50.492,139.208,56067.0,80553.0,64635.0,1481.9620949999999
8779,61.806000000000004,45.2,59.397,32.606,2.5860000000000003,179.042,65.06,5.595,111.98100000000001,142.24,129656.0,136797.0,55532.0,29.7295821
8781,57.87,30.392,56.443999999999996,40.861999999999995,11.207,78.45,35.496,1.455,50.492,83.015,23006.0,40560.0,62410.0,273.26001329999997
8807,59.722,46.35,85.781,95.949,43.391000000000005,78.45,35.496,8.636000000000001,50.492,250.167,156861.0,157088.0,84443.0,87.75912313
8849,83.333,52.941,67.831,73.175,10.345,78.45,35.496,3.66,50.492,208.502,86659.0,92303.0,52080.0,374.1339125
8893,72.222,11.213,48.55,55.567,11.638,78.45,35.496,1.204,50.492,116.959,14256.0,19841.0,12959.0,57.33106667
8904,60.417,29.785999999999998,58.236999999999995,86.69200000000001,29.901,78.45,35.496,3.838,50.492,91.463,41753.0,52854.0,42050.0,1751.641309
8910,75.556,54.82,54.218999999999994,89.991,47.593999999999994,154.599,65.372,3.813,69.096,131.124,23486.0,28472.0,24358.0,866.5341615
8914,64.491,60.778999999999996,76.786,81.123,25.979,178.761,90.714,3.5580000000000003,134.502,156.44,141414.0,146228.0,71620.0,346.79100780000005
8916,68.51899999999999,46.943000000000005,71.46300000000001,62.698,20.546,177.47299999999998,76.15,1.9980000000000002,87.525,100.525,26735.0,30751.0,23717.0,184.09370719999998
8917,55.556000000000004,78.32,69.48899999999999,69.813,82.759,78.45,35.496,11.055,50.492,120.54899999999999,48685.0,53190.0,38358.0,563.5686089
8960,66.204,48.963,72.796,86.448,27.135,78.45,35.496,2.247,50.492,133.548,19842.0,29811.0,28481.0,1656.748321
9002,75.0,27.941,69.54,87.73100000000001,24.138,146.615,72.124,7.371,48.793,446.093,68143.0,71180.0,47895.0,394.80857610000004
9005,20.833000000000002,59.31399999999999,64.429,84.712,25.166,78.45,35.496,2.772,50.492,265.85400000000004,38843.0,55815.0,54867.0,21342.43715
9016,87.22200000000001,28.519000000000002,65.07,83.698,27.504,78.45,35.496,4.398,50.492,142.195,65174.0,98432.0,77874.0,185.6133519
9020,83.333,30.294,52.388999999999996,52.691,1.724,78.45,35.496,2.537,50.492,82.415,52962.0,57607.0,39500.0,985.2247447000001
9026,37.037,22.353,58.166000000000004,50.518,44.253,78.45,35.496,5.893,50.492,51.791000000000004,46669.0,51708.0,36355.0,195.32882869999997
9031,81.48100000000001,23.162,62.801,69.839,7.2410000000000005,78.45,35.496,2.487,50.492,97.323,72324.0,84754.0,65172.0,708.7618962
9032,91.111,18.137,82.719,96.706,14.224,78.45,35.496,7.607,50.492,412.657,86169.0,94533.0,71003.0,1765.019636
9044,78.009,59.485,72.884,90.949,27.011,179.338,65.128,3.097,101.695,145.903,72492.0,94286.0,75928.0,390.4841233
9080,38.889,60.049,44.631,77.179,28.69,78.45,35.496,3.799,50.492,103.286,55769.0,56352.0,35417.0,344.04814619999996
9081,71.296,25.49,45.742,89.025,18.102999999999998,78.45,35.496,0.965,50.492,112.251,45033.0,58553.0,42907.0,401.42132319999996
9094,68.056,43.592,76.259,67.822,14.713,159.549,88.044,21.182,84.52600000000001,120.664,44963.0,65618.0,61616.0,1477.817747
9096,61.111000000000004,48.43899999999999,55.133,67.07600000000001,69.425,78.45,72.42699999999999,4.31,89.822,106.969,33692.0,43809.0,38802.0,29969.66053
9103,75.0,18.824,67.057,31.104,24.186,78.45,35.496,13.020999999999999,50.492,50.135,45684.0,53655.0,35967.0,1188.587858
9113,63.888999999999996,55.042,60.673,75.15,33.621,78.45,35.496,5.599,50.492,105.186,81606.0,84245.0,46174.0,118.39102290000001
9124,63.888999999999996,12.940999999999999,54.872,54.013999999999996,41.667,78.45,35.496,4.087,50.492,86.806,94744.0,92699.0,47586.0,205.4509434
9125,67.361,75.42699999999999,69.939,68.182,50.115,78.45,35.496,1.391,50.492,222.799,22099.0,26216.0,21195.0,338.05101129999997
9131,75.926,52.81100000000001,53.438,85.14399999999999,31.322,78.45,35.496,2.903,50.492,176.646,88599.0,97787.0,55084.0,311.0050392
9151,80.833,31.801,69.469,78.678,17.241,78.45,35.496,4.602,50.492,85.65700000000001,75920.0,89515.0,47618.0,164.48454119999997
9181,79.762,31.74,70.605,79.844,22.414,219.922,85.80799999999999,2.988,148.21,73.553,28009.0,45772.0,52199.0,820.9714753
9184,69.444,6.617999999999999,63.648999999999994,21.82,27.586,78.45,35.496,5.683,50.492,56.549,81913.0,100173.0,67101.0,1212.5868449999998
9194,71.296,67.87,53.251999999999995,64.96300000000001,42.816,78.45,35.496,1.044,50.492,97.906,300000.0,49556.0,27392.0,94.83045202
9217,62.5,38.725,71.40100000000001,79.631,19.828,78.45,35.496,2.06,50.492,97.14,70728.0,81532.0,51415.0,504.2694965
9221,81.25,48.957,67.204,89.28200000000001,29.956999999999997,198.90900000000002,62.856,1.4680000000000002,136.192,147.35299999999998,33239.0,49158.0,48032.0,672.0313352000001
9224,74.877,43.341,54.495,87.315,29.184,181.65,66.587,4.834,91.59100000000001,104.65,24736.0,44743.0,46461.0,395.40939879999996
9234,44.443999999999996,54.902,54.562,93.751,68.96600000000001,78.45,35.496,4.62,50.492,141.202,67063.0,72283.0,52393.0,521.2093942
9246,72.778,74.87100000000001,54.38,85.516,48.383,78.45,35.496,3.472,50.492,132.535,25039.0,33422.0,31080.0,386.9800186
9266,72.932,45.798,57.986999999999995,91.053,26.897,181.51,79.104,1.3769999999999998,74.009,89.598,39041.0,45556.0,26942.0,1614.252826
9269,74.722,22.736,33.213,69.344,50.452,78.45,53.07899999999999,4.31,142.631,105.29799999999999,52706.0,72654.0,62546.0,262.1521191
9276,63.426,30.628,59.41,49.361999999999995,34.625,78.45,35.496,3.287,50.492,127.02600000000001,38266.0,47427.0,39290.0,343.5183879
9281,72.917,15.895999999999999,76.998,91.699,18.227,203.65900000000002,84.10600000000001,4.956,107.40700000000001,123.729,103788.0,115345.0,74443.0,8167.121309
9294,35.185,21.569000000000003,64.774,78.681,55.977,78.45,35.496,1.6440000000000001,50.492,89.23899999999999,300000.0,56057.0,45627.0,191.0626382
9306,75.694,23.019000000000002,57.858999999999995,79.84100000000001,7.471,78.45,35.496,1.197,50.492,114.84899999999999,34063.0,39761.0,30863.0,628.0203232000001
9331,80.15899999999999,31.225,58.8,71.857,14.039000000000001,201.825,68.775,2.89,95.74700000000001,88.816,44860.0,63056.0,57825.0,27372.86957
9354,52.778,27.206,72.652,87.404,11.207,78.45,35.496,3.1460000000000004,50.492,78.543,300000.0,66820.0,50331.0,448.15305419999993
9363,66.574,38.428000000000004,61.238,88.17200000000001,29.023000000000003,78.45,35.496,6.127000000000001,50.492,105.069,35321.0,43415.0,34031.0,1223.158445
9373,52.778,63.603,64.635,92.706,27.586,78.45,35.496,4.773,50.492,274.899,300000.0,109285.0,65821.0,269.3833287
9375,94.444,41.036,67.843,87.604,39.08,78.45,35.496,2.9139999999999997,50.492,331.715,49981.0,61522.0,41531.0,298.2536213
9378,58.611000000000004,23.267,70.816,60.446000000000005,3.448,185.919,81.878,7.712999999999999,82.742,111.166,53546.0,69397.0,57794.0,19488.168019999997
9380,67.361,20.752,62.614,74.007,8.621,212.761,72.455,2.316,119.58,112.679,63343.0,88095.0,69063.0,572.8367443
9384,75.0,53.94,44.023999999999994,77.587,24.253,78.45,35.496,1.692,50.492,95.227,18272.0,36894.0,41871.0,400.44908530000004
9401,55.556000000000004,27.451,98.07,74.507,15.517000000000001,78.45,35.496,4.058,50.492,105.069,300000.0,135045.0,62378.0,211.97944040000002
9406,68.441,39.808,71.05199999999999,95.478,23.563000000000002,78.45,35.496,4.086,50.492,104.535,68276.0,80587.0,61781.0,837.2820146
9410,57.576,32.62,57.577,76.38,12.213,78.45,35.496,3.475,50.492,89.654,43226.0,47481.0,41499.0,177.2567005
9455,61.111000000000004,15.809000000000001,63.461999999999996,78.859,63.793,78.45,35.496,1.179,50.492,126.421,43922.0,73771.0,72198.0,481.03907019999997
9456,65.608,34.853,63.573,53.446999999999996,14.402999999999999,78.45,35.496,8.052,50.492,85.99,52339.0,63948.0,61785.0,116.06202549999999
9462,36.111,13.235,64.882,52.13,30.171999999999997,78.45,35.496,3.0410000000000004,50.492,130.961,41142.0,53271.0,43689.0,1684.384616
9498,66.667,43.405,60.863,55.684,35.861999999999995,166.69400000000002,67.234,5.143,93.19,94.708,24879.0,31722.0,28591.0,396.58769700000005
9504,58.333,43.316,74.062,57.798,21.206999999999997,78.45,35.496,1.932,50.492,85.51100000000001,98874.0,97904.0,52983.0,279.04733189999996
9519,54.911,48.69,81.03399999999999,61.542,25.575,78.45,35.496,7.9270000000000005,50.492,125.96600000000001,27435.0,43838.0,46120.0,1757.655599
9550,63.888999999999996,32.528,71.123,85.57799999999999,19.212,193.97299999999998,77.605,5.082,118.264,141.44,38658.0,52221.0,38630.0,617.1890324
9568,77.778,40.441,79.096,86.90799999999999,9.195,78.45,35.496,1.9569999999999999,50.492,82.46,38530.0,68117.0,65284.0,270.2854875
9579,72.685,23.824,70.188,65.122,29.885,78.45,35.496,8.863999999999999,50.492,111.586,77130.0,85024.0,60575.0,238.7535605
9586,63.657,20.195999999999998,78.373,84.615,27.586,78.45,35.496,7.44,50.492,56.549,25315.0,28404.0,18845.0,198.95896630000001
9600,83.333,11.644,88.684,66.118,24.138,78.45,35.496,5.222,50.492,189.662,300000.0,123219.0,69411.0,106.79223710000001
9606,94.444,13.75,74.875,57.71,14.943,78.45,35.496,1.8630000000000002,50.492,165.15400000000002,300000.0,128299.0,51149.0,64.4236818
9610,83.333,21.176,77.84899999999999,93.22,18.102999999999998,220.71099999999998,81.122,8.516,141.83,105.802,173800.0,159081.0,86393.0,2823.202214
9616,97.22200000000001,26.9,72.249,91.805,5.747000000000001,78.45,35.496,3.997,50.492,150.123,84514.0,101612.0,79600.0,982.3805312999999
9731,71.065,29.208000000000002,78.438,95.851,19.425,78.45,35.496,4.742,50.492,101.485,300000.0,70959.0,30348.0,42.33158214
9764,76.759,47.059,75.508,66.046,18.793,78.45,35.496,0.765,50.492,92.20100000000001,52751.0,65474.0,40118.0,69.79757231
9775,41.667,20.588,54.372,87.815,41.379,78.45,35.496,3.3680000000000003,50.492,90.588,38070.0,47941.0,34687.0,663.9412007999999
9782,81.821,51.471000000000004,68.18,88.404,23.147,78.45,35.496,2.8360000000000003,50.492,91.414,31371.0,39023.0,30751.0,454.04382000000004
9798,78.968,62.515,78.311,96.404,28.706999999999997,78.45,35.496,8.612,50.492,143.451,133190.0,137482.0,83451.0,519.5604103999999
9801,84.645,23.480999999999998,62.226000000000006,85.426,25.287,204.515,71.941,3.029,124.385,182.972,20912.0,36566.0,49371.0,936.4916867999999
9806,100.0,7.843,38.728,78.722,29.9,224.528,65.306,4.081,57.052,133.253,35166.0,46884.0,37736.0,271.39302299999997
9819,75.0,14.706,57.903,87.04700000000001,17.241,78.45,35.496,4.534,50.492,111.84200000000001,35895.0,56752.0,58739.0,466.6915181
9836,75.0,81.434,49.023,68.882,27.586,78.45,35.496,1.9609999999999999,50.492,88.35600000000001,27765.0,39083.0,33613.0,201.7253757
9855,83.333,26.287,42.525,74.498,40.948,78.45,35.496,7.307,50.492,87.029,55433.0,64309.0,43714.0,42.43116765
9860,100.0,15.196,61.851000000000006,61.733999999999995,38.434,78.45,35.496,5.322,50.492,48.31399999999999,45421.0,56134.0,43904.0,180.0254655
9872,63.426,27.941,78.589,60.419,15.702,78.45,35.496,1.7180000000000002,50.492,76.168,79328.0,103670.0,74957.0,675.2570926
9922,52.083,50.357,61.391999999999996,89.275,49.138000000000005,78.45,35.496,8.119,50.492,123.984,33102.0,40465.0,31036.0,379.45525089999995
9925,63.24100000000001,38.728,87.605,79.661,50.763000000000005,135.21200000000002,93.355,11.988,75.428,168.97799999999998,300000.0,117203.0,71140.0,57.86288296
9966,81.667,69.538,82.64200000000001,89.49700000000001,22.989,164.0,76.21600000000001,4.376,95.85700000000001,258.406,74124.0,85392.0,62200.0,753.5199492
9978,80.556,24.195999999999998,78.186,91.73200000000001,12.155,228.533,85.845,4.074,157.233,129.575,300000.0,172496.0,84829.0,97.85949561
10015,65.278,44.15,60.172,59.548,20.345,78.45,35.496,2.2159999999999997,50.492,95.789,37095.0,49160.0,43569.0,1252.335091
10027,27.778000000000002,42.776,85.505,80.339,50.287,131.46,86.959,14.995,110.932,189.34099999999998,,,,
10048,69.643,25.379,71.569,89.219,15.517000000000001,186.321,80.166,5.769,71.083,127.485,55279.0,74695.0,61377.0,392.9155957
10187,60.833,69.419,70.66199999999999,76.765,53.161,142.759,64.68,2.225,105.45200000000001,197.02200000000002,300000.0,65256.0,43340.0,198.9946731
10203,87.5,9.559,58.5,24.185,37.644,78.45,63.582,4.31,82.47,69.51899999999999,27021.0,39837.0,41158.0,1482.850932
10242,36.574,26.129,71.578,42.11,12.931,169.523,77.188,5.375,87.84,78.942,112343.0,122937.0,77704.0,115.19010379999999
10253,41.667,35.784,68.835,85.162,20.69,78.45,35.496,17.5,50.492,311.44599999999997,44138.0,52399.0,40334.0,655.4425815000001
10274,67.235,42.856,59.997,88.43700000000001,17.303,185.02900000000002,78.752,4.606,83.32799999999999,97.223,25482.0,42498.0,40194.0,519.1469599
10338,100.0,29.412,66.566,54.133,46.552,78.45,35.496,1.9409999999999998,50.492,54.305,47895.0,53659.0,43054.0,881.5629151
10358,36.111,21.429000000000002,60.367,47.393,9.482999999999999,78.45,66.392,1.89,173.80700000000002,133.253,300000.0,45079.0,33184.0,186.96245280000002
10369,61.111000000000004,20.518,57.038999999999994,86.573,21.839000000000002,78.45,35.496,1.5330000000000001,50.492,210.06400000000002,85634.0,103038.0,64940.0,317.5779063
10377,68.056,43.268,73.943,71.661,11.322000000000001,193.394,83.821,7.556,125.178,81.97,36520.0,66474.0,68794.0,388.91396139999995
10414,91.667,40.686,74.89,74.66,43.103,78.45,35.496,4.688,50.492,79.388,73581.0,83759.0,63146.0,667.5213620000001
10453,86.111,49.02,71.794,73.839,37.739000000000004,78.45,35.496,2.245,50.492,105.069,19982.0,37957.0,49208.0,220.9156106
10481,88.889,16.176,66.322,75.237,28.621,194.479,97.12200000000001,5.763999999999999,108.72399999999999,163.505,101584.0,110852.0,72535.0,188.4551064
10578,62.963,31.25,57.196000000000005,86.169,37.644,78.45,35.496,2.181,50.492,129.31799999999998,31765.0,44292.0,31727.0,155.6937689
10605,55.556000000000004,63.725,62.663000000000004,61.755,47.845,78.45,35.496,0.552,50.492,98.738,28008.0,36338.0,33175.0,14833.121009999999
10614,72.222,20.163,56.025,81.5,14.224,78.45,35.496,6.2989999999999995,50.492,105.631,82641.0,95186.0,64760.0,21913.625969999997
10622,80.40100000000001,18.374000000000002,74.14699999999999,62.355,21.976999999999997,78.45,35.496,9.5,50.492,42.655,300000.0,119826.0,76603.0,111.62778020000002
10647,81.829,31.68,70.95100000000001,49.272,66.37899999999999,78.45,35.496,4.927,50.492,94.796,42809.0,56726.0,44909.0,723.6375926
10657,59.722,61.408,68.546,87.51299999999999,24.631,157.687,61.797,5.767,79.87100000000001,143.343,25573.0,29601.0,20729.0,1033.134783
10667,38.889,26.144000000000002,93.969,80.513,3.448,78.45,35.496,12.023,50.492,89.68,56938.0,64647.0,46649.0,339.65121669999996
10672,74.722,29.238000000000003,73.204,96.15299999999999,33.141999999999996,78.45,35.496,9.107000000000001,50.492,123.68,90728.0,91316.0,63771.0,710.1243092
10718,72.639,57.843,57.957,84.54700000000001,26.092,78.45,35.496,2.8160000000000003,50.492,118.635,31699.0,45944.0,49339.0,2570.75625
10764,73.148,20.037,67.191,35.202,5.5360000000000005,78.45,35.496,4.742,50.492,89.744,300000.0,95811.0,68394.0,107.7943882
10808,59.443999999999996,35.047,65.316,84.132,44.828,78.45,35.496,3.73,50.492,175.33900000000003,121972.0,122973.0,66023.0,400.5332577
10809,47.222,58.559,58.011,65.484,74.138,78.45,84.471,4.31,97.17200000000001,240.86900000000003,21900.0,29609.0,25154.0,88.12609417
10835,36.574,56.18,63.497,63.238,25.0,78.45,35.496,1.854,50.492,198.003,38578.0,53182.0,53018.0,242.94961600000002
10847,66.667,24.16,58.858000000000004,80.15,16.609,78.45,35.496,2.085,50.492,105.208,39548.0,56951.0,56634.0,17878.22916
10856,90.27799999999999,29.831999999999997,92.973,61.04600000000001,14.655,78.45,35.496,14.764000000000001,50.492,108.402,30416.0,42137.0,41520.0,1311.744217
10872,86.111,17.647000000000002,54.589,84.074,12.069,78.45,35.496,2.275,50.492,90.86200000000001,300000.0,65765.0,30564.0,297.5890433
10877,92.59299999999999,25.824,80.84100000000001,97.25200000000001,36.695,202.359,92.588,15.767000000000001,135.765,99.12799999999999,48662.0,89161.0,87102.0,1727.77131
10898,66.667,79.623,72.053,60.083,65.635,78.45,35.496,0.8590000000000001,50.492,77.40899999999999,30987.0,39229.0,34400.0,948.0270198
10918,75.0,54.412,63.44,55.768,47.356,78.45,35.496,4.118,50.492,101.6,23387.0,36004.0,33894.0,434.85186160000006
10951,77.778,20.588,71.564,56.865,12.069,78.45,35.496,2.705,50.492,97.134,44609.0,55736.0,43301.0,9755.448109
11114,72.222,58.088,48.872,86.285,17.241,78.45,35.496,0.596,50.492,104.9,21410.0,25098.0,19569.0,464.17668560000004
11117,83.889,58.007,66.059,66.521,19.253,78.45,35.496,1.6880000000000002,50.492,129.488,58161.0,55294.0,29451.0,147.88955880000003
11127,79.63,38.352,87.589,-3.843,24.585,78.45,35.496,2.354,50.492,82.18299999999999,300000.0,97802.0,65155.0,580.2908623
11162,40.37,63.971000000000004,65.48100000000001,95.62,3.448,78.45,35.496,2.556,50.492,88.465,31689.0,41404.0,37090.0,805.415579
11186,86.756,46.638999999999996,61.218999999999994,92.196,19.762,78.45,35.496,2.491,50.492,72.362,33887.0,38865.0,27126.0,236.02292180000003
11189,67.399,33.79,77.97,85.009,14.08,200.518,84.524,4.294,131.253,176.91099999999997,70467.0,94674.0,75598.0,17799.812530000003
11211,73.611,34.804,50.2,52.747,23.333000000000002,78.45,35.496,5.073,50.492,102.991,60998.0,56442.0,39839.0,266.25079669999997
11225,80.556,46.446000000000005,72.145,78.58,25.862,78.45,35.496,1.505,50.492,629.062,80610.0,98346.0,61019.0,281.23766
11257,84.72200000000001,34.926,86.118,95.609,25.862,178.51,81.436,19.017,92.54299999999999,114.463,52672.0,61486.0,51270.0,359.81262250000003
11266,70.833,41.257,71.781,54.042,19.003,163.789,74.486,4.395,59.581,114.135,30506.0,43707.0,39588.0,484.2050425
11268,100.0,15.440999999999999,86.83,79.661,48.276,78.45,35.496,8.74,50.492,214.643,125553.0,135455.0,78897.0,158.24371680000002
11273,83.333,21.176,66.21300000000001,59.922,35.259,78.45,35.496,3.321,50.492,106.024,68132.0,69214.0,39574.0,346.07800860000003
11278,72.222,24.142,58.756,78.452,53.448,78.45,35.496,1.105,50.492,158.41899999999998,39849.0,60934.0,51599.0,1952.9747940000002
11295,48.611000000000004,36.134,60.056000000000004,72.608,103.448,78.45,35.496,1.848,50.492,96.98700000000001,300000.0,30833.0,12606.0,15.0
11312,70.972,56.875,51.458,87.22,15.517000000000001,78.45,35.496,3.159,50.492,112.509,28524.0,30235.0,19609.0,276.1582743
11350,47.222,49.02,89.204,65.32300000000001,36.092,78.45,35.496,2.121,50.492,92.337,17432.0,24481.0,22067.0,254.25225719999997
11389,84.72200000000001,67.313,55.263000000000005,87.01700000000001,47.068999999999996,78.45,35.496,5.9079999999999995,50.492,146.175,49968.0,66135.0,56699.0,2685.065745
11400,84.72200000000001,22.059,49.592,81.5,31.034000000000002,78.45,35.496,1.942,50.492,103.859,169040.0,159185.0,76007.0,260.7412673
11437,82.40700000000001,57.353,61.198,66.113,12.069,202.19,59.691,2.115,126.656,97.58,300000.0,87642.0,45280.0,428.1396431
11519,42.593,15.241,73.21300000000001,85.262,31.418000000000003,78.45,35.496,1.879,50.492,218.396,300000.0,105931.0,55236.0,181.4844957
11521,50.0,45.0,67.836,80.895,53.325,78.45,35.496,1.8880000000000001,50.492,113.42,50329.0,63223.0,46300.0,2780.254911
11549,78.704,9.641,67.014,87.00299999999999,31.034000000000002,78.45,35.496,2.698,50.492,287.892,134230.0,143235.0,78667.0,816.1821395
11588,95.833,14.216,61.891000000000005,53.365,28.908,78.45,35.496,3.362,50.492,166.551,300000.0,114030.0,66239.0,141.92252209999998
11614,75.0,23.459,62.352,88.603,60.345,78.45,62.291000000000004,1.469,193.00400000000002,133.253,93114.0,106139.0,70195.0,21719.58802
11719,62.222,20.165,66.536,58.611999999999995,38.23,185.27,69.145,3.82,124.81299999999999,123.575,57740.0,64540.0,36818.0,607.3359131
11755,80.556,44.853,59.486000000000004,41.63399999999999,7.7589999999999995,78.45,35.496,3.71,50.492,72.458,48096.0,56369.0,35718.0,788.5437678999999
11786,56.25,33.235,57.746,79.705,7.586,78.45,35.496,2.6010000000000004,50.492,309.457,24986.0,38147.0,35243.0,437.42569360000005
11816,84.02799999999999,36.176,78.217,62.755,14.368,78.45,35.496,2.077,50.492,367.662,98913.0,90594.0,46507.0,106.5936831
11833,82.87,37.843,69.66199999999999,66.111,18.5,170.03599999999997,72.163,5.313,88.25399999999999,286.337,62105.0,70868.0,41126.0,407.27814
11843,82.77799999999999,48.971000000000004,76.21300000000001,86.463,9.482999999999999,78.45,35.496,4.2139999999999995,50.492,197.62400000000002,23083.0,33011.0,34875.0,945.0385786
11883,88.889,58.64,72.45,90.031,6.897,193.27200000000002,90.95100000000001,3.2,91.35799999999999,115.258,96477.0,120523.0,66069.0,168.8827107
11933,73.611,15.588,87.221,93.27600000000001,10.345,78.45,35.496,14.69,50.492,96.98299999999999,87362.0,97244.0,71020.0,735.9560443
11940,55.556000000000004,25.49,67.955,80.804,3.448,78.45,35.496,2.654,50.492,259.81,89894.0,88083.0,56268.0,157.2240091
11972,68.056,47.549,67.218,88.99,23.706999999999997,78.45,35.496,2.447,50.492,99.156,39010.0,54528.0,48154.0,6906.922234000001
11975,81.944,46.078,85.2,74.10600000000001,41.092,78.45,35.496,7.7139999999999995,50.492,119.63600000000001,121247.0,130514.0,77319.0,132.1531483
11992,74.167,21.723000000000003,88.565,96.24700000000001,26.379,78.45,35.496,10.13,50.492,174.96,101475.0,119002.0,78830.0,227.88560919999998
12028,66.435,27.136,57.162,90.21600000000001,25.575,78.45,35.496,2.1830000000000003,50.492,92.146,62021.0,78428.0,61227.0,373.5695874
12225,55.556000000000004,40.279,76.208,97.57799999999999,13.793,78.45,35.496,6.513999999999999,50.492,120.772,63800.0,79017.0,58101.0,3661.269191
12231,76.389,11.064,63.071000000000005,87.071,24.052,78.45,35.496,5.475,50.492,158.67700000000002,54581.0,64770.0,57787.0,443.3117845
12291,90.27799999999999,24.002,78.403,67.708,30.575,183.85,74.49,7.011,108.785,217.743,24459.0,26936.0,35385.0,275.4869913
12369,45.833,27.353,75.339,71.875,10.345,78.45,35.496,5.474,50.492,196.829,146275.0,146495.0,77960.0,187.7515752
12382,69.074,43.175,58.464,68.251,35.056999999999995,78.45,35.496,3.468,50.492,39.169000000000004,8760.0,15444.0,18646.0,600.1701122999999
12418,80.556,31.005,71.65,87.11,25.862,186.752,74.638,7.662000000000001,102.156,156.726,62396.0,73944.0,62568.0,490.69467810000003
12419,73.611,11.765,79.521,92.193,27.586,78.45,95.02600000000001,6.997000000000001,82.15,133.253,48509.0,49115.0,20456.0,388.01620610000003
12428,86.111,8.824,91.26,95.44,36.437,78.45,35.496,5.667999999999999,50.492,196.982,108998.0,116609.0,74844.0,329.9800072
12441,50.0,44.853,60.18600000000001,79.426,27.586,78.45,35.496,4.093,50.492,260.774,32294.0,43895.0,41017.0,650.0318202999999
12442,62.5,64.916,59.446999999999996,65.836,9.195,78.45,35.496,1.6440000000000001,50.492,46.691,60289.0,78132.0,65635.0,29.16516505
12455,77.778,34.926,60.067,96.516,3.448,78.45,35.496,9.363999999999999,50.492,101.462,123591.0,134970.0,84874.0,155.5196608
12456,59.25899999999999,20.728,96.285,92.46700000000001,10.92,78.45,35.496,9.01,50.492,69.51899999999999,45962.0,43320.0,36548.0,298.1879793
12469,5.556,54.412,56.74100000000001,49.363,37.069,133.049,78.744,3.667,100.83,99.465,36209.0,48768.0,45607.0,340.19057189999995
12505,77.778,28.235,74.497,71.661,10.345,78.45,35.496,7.334,50.492,73.143,49990.0,63818.0,42332.0,280.691142
12508,48.611000000000004,41.203,51.816,72.551,21.034000000000002,78.45,35.496,3.5239999999999996,50.492,107.509,39365.0,57114.0,51469.0,653.9795108
12514,38.889,36.029,60.151,88.94200000000001,36.207,78.45,35.496,3.33,50.492,88.338,80500.0,96149.0,64767.0,1135.4874
12521,58.333,25.98,84.133,91.79799999999999,36.351,78.45,35.496,3.162,50.492,360.88699999999994,44424.0,51011.0,35481.0,317.1909276
12522,66.667,7.353,65.119,72.509,27.586,78.45,35.496,2.9330000000000003,50.492,64.524,25833.0,47023.0,53195.0,716.0745981000001
12528,89.815,18.239,56.775,81.876,0.575,229.28099999999998,64.748,1.685,140.563,229.5,300000.0,146002.0,56066.0,82.42297436
12550,81.944,12.720999999999998,60.788000000000004,88.92399999999999,12.931,221.72400000000002,75.029,2.295,110.209,105.069,42017.0,46707.0,29570.0,683.2740878999999
12551,41.667,17.647000000000002,83.581,67.542,11.034,78.45,35.496,3.028,50.492,88.824,78817.0,92293.0,74866.0,242.88024790000003
12560,76.389,36.176,78.524,74.11,17.241,207.937,76.967,1.893,119.001,75.509,77070.0,87344.0,61173.0,3260.409573
12599,71.296,39.876,56.82,81.70100000000001,39.08,78.45,35.496,4.224,50.492,74.014,300000.0,89462.0,57943.0,176.5253125
12633,75.926,5.882000000000001,61.683,71.652,3.448,229.83599999999998,57.145,2.355,134.726,140.63,147348.0,148227.0,82204.0,171.61284019999997
12679,77.778,40.882,46.751000000000005,84.565,26.724,78.45,35.496,0.946,50.492,88.396,39903.0,53488.0,46944.0,18273.06359
12910,68.33800000000001,52.328,46.423,82.779,46.092,78.45,50.665,0.645,146.861,77.577,38408.0,53960.0,51996.0,9133.893057
12911,65.972,37.369,56.993,87.053,40.0,188.918,64.267,3.3480000000000003,133.157,138.542,141709.0,148987.0,79025.0,315.1045104
12919,47.13,59.606,66.875,43.486000000000004,26.552,78.45,35.496,3.595,50.492,118.14200000000001,300000.0,19788.0,8349.0,10.0
12929,77.778,15.686,74.69,96.329,25.517,78.45,35.496,8.315,50.492,128.065,300000.0,64113.0,63098.0,305.1956025
13181,54.167,20.238,53.56399999999999,79.377,11.207,78.45,35.496,1.9280000000000002,50.492,101.01,38677.0,46456.0,37441.0,628.411242
13811,76.667,38.93,75.008,93.22,28.017,78.45,35.496,4.355,50.492,89.805,39905.0,67508.0,59076.0,185.8945947
13813,77.778,15.625,77.77,93.031,14.943,78.45,35.496,6.355,50.492,77.376,148636.0,144189.0,81549.0,623.9127416
13860,91.667,27.206,58.446000000000005,59.272,27.586,192.37,80.403,2.813,96.98299999999999,105.14399999999999,45874.0,77857.0,75630.0,236.11469309999998
13879,36.111,54.118,74.28,87.124,61.938,138.054,75.35600000000001,7.502999999999999,89.477,89.53299999999999,44939.0,56072.0,47650.0,188.2250177
13938,61.111000000000004,19.118,66.82,87.874,32.759,78.45,35.496,1.2919999999999998,50.492,82.17299999999999,136747.0,141605.0,77611.0,349.72737850000004
14024,68.33800000000001,55.0,58.256,73.36,46.552,78.45,68.521,2.766,81.587,133.253,50186.0,60931.0,50595.0,801.7283605
14100,41.667,28.676,89.84100000000001,97.57799999999999,10.345,78.45,35.496,6.502999999999999,50.492,164.762,300000.0,109016.0,58288.0,99.02806248
